name,time,emotion,emotion_vector
trum,2018-06-30-16:30:41,happy,"[0, 0, 0, 0, 1, 0]"
trum,2018-06-30-16:30:42,happy,"[0, 0, 0, 0, 1, 0]"
trum,2018-06-30-16:30:42,happy,"[0, 0, 0, 0, 1, 0]"
trum,2018-06-30-16:30:42,happy,"[0, 0, 0, 0, 1, 0]"
trum,2018-06-30-16:30:42,happy,"[0, 0, 0, 0, 1, 0]"
trum,2018-06-30-16:30:42,happy,"[0, 0, 0, 0, 1, 0]"
trum,2018-06-30-16:30:43,happy,"[0, 0, 0, 0, 1, 0]"
trum,2018-06-30-16:30:43,happy,"[0, 0, 0, 0, 1, 0]"
trum,2018-06-30-16:30:43,happy,"[0, 0, 0, 0, 1, 0]"
trum,2018-06-30-16:30:43,happy,"[0, 0, 0, 0, 1, 0]"
trum,2018-06-30-16:30:43,happy,"[0, 0, 0, 0, 1, 0]"
trum,2018-06-30-16:30:43,happy,"[0, 0, 0, 0, 1, 0]"
trum,2018-06-30-16:30:44,happy,"[0, 0, 0, 0, 1, 0]"
trum,2018-06-30-16:30:44,happy,"[0, 0, 0, 0, 1, 0]"
trum,2018-06-30-16:30:44,happy,"[0, 0, 0, 0, 1, 0]"
trum,2018-06-30-16:30:44,happy,"[0, 0, 0, 0, 1, 0]"
trum,2018-06-30-16:30:44,happy,"[0, 0, 0, 0, 1, 0]"
trum,2018-06-30-16:30:45,happy,"[0, 0, 0, 0, 1, 0]"
trum,2018-06-30-16:30:45,happy,"[0, 0, 0, 0, 1, 0]"
trum,2018-06-30-16:30:45,happy,"[0, 0, 0, 0, 1, 0]"
trum,2018-06-30-16:30:45,happy,"[0, 0, 0, 0, 1, 0]"
trum,2018-06-30-16:30:45,happy,"[0, 0, 0, 0, 1, 0]"
trum,2018-06-30-16:30:45,happy,"[0, 0, 0, 0, 1, 0]"
trum,2018-06-30-16:30:46,happy,"[0, 0, 0, 0, 1, 0]"
trum,2018-06-30-16:30:46,happy,"[0, 0, 0, 0, 1, 0]"
trum,2018-06-30-16:30:46,happy,"[0, 0, 0, 0, 1, 0]"
trum,2018-06-30-16:30:46,happy,"[0, 0, 0, 0, 1, 0]"
trum,2018-06-30-16:30:46,happy,"[0, 0, 0, 0, 1, 0]"
trum,2018-06-30-16:30:46,happy,"[0, 0, 0, 0, 1, 0]"
trum,2018-06-30-16:30:47,happy,"[0, 0, 0, 0, 1, 0]"
trum,2018-06-30-16:30:47,neutral,"[0, 0, 0, 0, 0, 0]"
trum,2018-06-30-16:30:47,neutral,"[0, 0, 0, 0, 0, 0]"
trum,2018-06-30-16:30:47,neutral,"[0, 0, 0, 0, 0, 0]"
trum,2018-06-30-16:30:48,neutral,"[0, 0, 0, 0, 0, 0]"
trum,2018-06-30-16:30:48,neutral,"[0, 0, 0, 0, 0, 0]"
trum,2018-06-30-16:30:48,neutral,"[0, 0, 0, 0, 0, 0]"
trum,2018-06-30-16:30:48,neutral,"[0, 0, 0, 0, 0, 0]"
trum,2018-06-30-16:30:48,neutral,"[0, 0, 0, 0, 0, 0]"
trum,2018-06-30-16:30:48,neutral,"[0, 0, 0, 0, 0, 0]"
trum,2018-06-30-16:30:49,neutral,"[0, 0, 0, 0, 0, 0]"
trum,2018-06-30-16:30:49,neutral,"[0, 0, 0, 0, 0, 0]"
trum,2018-06-30-16:30:49,neutral,"[0, 0, 0, 0, 0, 0]"
trum,2018-06-30-16:30:49,neutral,"[0, 0, 0, 0, 0, 0]"
trum,2018-06-30-16:30:49,neutral,"[0, 0, 0, 0, 0, 0]"
trum,2018-06-30-16:30:49,neutral,"[0, 0, 0, 0, 0, 0]"
trum,2018-06-30-16:30:50,neutral,"[0, 0, 0, 0, 0, 0]"
trum,2018-06-30-16:30:50,neutral,"[0, 0, 0, 0, 0, 0]"
trum,2018-06-30-16:30:50,neutral,"[0, 0, 0, 0, 0, 0]"
trum,2018-06-30-16:30:50,neutral,"[0, 0, 0, 0, 0, 0]"
trum,2018-06-30-16:30:50,neutral,"[0, 0, 0, 0, 0, 0]"
trum,2018-06-30-16:30:50,neutral,"[0, 0, 0, 0, 0, 0]"
trum,2018-06-30-16:31:01,angry,"[0, 0, 0, 0, 0, 1]"
trum,2018-06-30-16:31:02,angry,"[0, 0, 0, 0, 0, 1]"
trum,2018-06-30-16:31:02,angry,"[0, 0, 0, 0, 0, 1]"
trum,2018-06-30-16:31:02,angry,"[0, 0, 0, 0, 0, 1]"
trum,2018-06-30-16:31:02,neutral,"[0, 0, 0, 0, 0, 0]"
trum,2018-06-30-16:31:02,neutral,"[0, 0, 0, 0, 0, 0]"
trum,2018-06-30-16:31:02,neutral,"[0, 0, 0, 0, 0, 0]"
trum,2018-06-30-16:31:03,neutral,"[0, 0, 0, 0, 0, 0]"
trum,2018-06-30-16:31:03,neutral,"[0, 0, 0, 0, 0, 0]"
trum,2018-06-30-16:31:03,neutral,"[0, 0, 0, 0, 0, 0]"
trum,2018-06-30-16:31:03,neutral,"[0, 0, 0, 0, 0, 0]"
trum,2018-06-30-16:31:03,neutral,"[0, 0, 0, 0, 0, 0]"
trum,2018-06-30-16:31:03,neutral,"[0, 0, 0, 0, 0, 0]"
trum,2018-06-30-16:31:04,neutral,"[0, 0, 0, 0, 0, 0]"
trum,2018-06-30-16:31:04,neutral,"[0, 0, 0, 0, 0, 0]"
trum,2018-06-30-16:31:04,neutral,"[0, 0, 0, 0, 0, 0]"
trum,2018-06-30-16:31:04,neutral,"[0, 0, 0, 0, 0, 0]"
trum,2018-06-30-16:31:04,neutral,"[0, 0, 0, 0, 0, 0]"
trum,2018-06-30-16:31:04,neutral,"[0, 0, 0, 0, 0, 0]"
trum,2018-06-30-16:31:05,neutral,"[0, 0, 0, 0, 0, 0]"
trum,2018-06-30-16:31:05,neutral,"[0, 0, 0, 0, 0, 0]"
trum,2018-06-30-16:31:05,neutral,"[0, 0, 0, 0, 0, 0]"
trum,2018-06-30-16:31:05,neutral,"[0, 0, 0, 0, 0, 0]"
trum,2018-06-30-16:31:05,neutral,"[0, 0, 0, 0, 0, 0]"
trum,2018-06-30-16:31:05,neutral,"[0, 0, 0, 0, 0, 0]"
trum,2018-06-30-16:31:05,neutral,"[0, 0, 0, 0, 0, 0]"
trum,2018-06-30-16:31:06,neutral,"[0, 0, 0, 0, 0, 0]"
trum,2018-06-30-16:31:06,neutral,"[0, 0, 0, 0, 0, 0]"
trum,2018-06-30-16:31:06,neutral,"[0, 0, 0, 0, 0, 0]"
trum,2018-06-30-16:31:06,neutral,"[0, 0, 0, 0, 0, 0]"
trum,2018-06-30-16:31:06,neutral,"[0, 0, 0, 0, 0, 0]"
trum,2018-06-30-16:31:06,neutral,"[0, 0, 0, 0, 0, 0]"
trum,2018-06-30-16:31:07,neutral,"[0, 0, 0, 0, 0, 0]"
trum,2018-06-30-16:31:07,neutral,"[0, 0, 0, 0, 0, 0]"
trum,2018-06-30-16:31:07,neutral,"[0, 0, 0, 0, 0, 0]"
trum,2018-06-30-16:31:07,neutral,"[0, 0, 0, 0, 0, 0]"
trum,2018-06-30-16:31:07,neutral,"[0, 0, 0, 0, 0, 0]"
trum,2018-06-30-16:31:07,neutral,"[0, 0, 0, 0, 0, 0]"
trum,2018-06-30-16:31:08,neutral,"[0, 0, 0, 0, 0, 0]"
trum,2018-06-30-16:31:08,neutral,"[0, 0, 0, 0, 0, 0]"
trum,2018-06-30-16:31:08,neutral,"[0, 0, 0, 0, 0, 0]"
trum,2018-06-30-16:31:08,neutral,"[0, 0, 0, 0, 0, 0]"
trum,2018-06-30-16:31:08,neutral,"[0, 0, 0, 0, 0, 0]"
trum,2018-06-30-16:31:08,neutral,"[0, 0, 0, 0, 0, 0]"
trum,2018-06-30-16:31:08,neutral,"[0, 0, 0, 0, 0, 0]"
trum,2018-06-30-16:31:09,neutral,"[0, 0, 0, 0, 0, 0]"
trum,2018-06-30-16:31:09,neutral,"[0, 0, 0, 0, 0, 0]"
trum,2018-06-30-16:31:09,neutral,"[0, 0, 0, 0, 0, 0]"
trum,2018-06-30-16:31:09,neutral,"[0, 0, 0, 0, 0, 0]"
trum,2018-06-30-16:31:09,neutral,"[0, 0, 0, 0, 0, 0]"
trum,2018-06-30-16:31:09,neutral,"[0, 0, 0, 0, 0, 0]"
trum,2018-06-30-16:31:10,neutral,"[0, 0, 0, 0, 0, 0]"
trum,2018-06-30-16:31:10,neutral,"[0, 0, 0, 0, 0, 0]"
trum,2018-06-30-16:31:10,neutral,"[0, 0, 0, 0, 0, 0]"
trum,2018-06-30-16:31:10,neutral,"[0, 0, 0, 0, 0, 0]"
trum,2018-06-30-16:31:10,neutral,"[0, 0, 0, 0, 0, 0]"
trum,2018-06-30-16:31:11,neutral,"[0, 0, 0, 0, 0, 0]"
trum,2018-06-30-16:31:11,neutral,"[0, 0, 0, 0, 0, 0]"
trum,2018-06-30-16:31:11,neutral,"[0, 0, 0, 0, 0, 0]"
trum,2018-06-30-16:31:11,neutral,"[0, 0, 0, 0, 0, 0]"
trum,2018-06-30-16:31:11,neutral,"[0, 0, 0, 0, 0, 0]"
trum,2018-06-30-16:31:11,neutral,"[0, 0, 0, 0, 0, 0]"
trum,2018-06-30-16:31:12,neutral,"[0, 0, 0, 0, 0, 0]"
trum,2018-06-30-16:31:12,neutral,"[0, 0, 0, 0, 0, 0]"
trum,2018-06-30-16:31:21,happy,"[0, 0, 0, 0, 1, 0]"
trum,2018-06-30-16:31:21,happy,"[0, 0, 0, 0, 1, 0]"
trum,2018-06-30-16:31:21,happy,"[0, 0, 0, 0, 1, 0]"
trum,2018-06-30-16:31:21,happy,"[0, 0, 0, 0, 1, 0]"
trum,2018-06-30-16:31:21,happy,"[0, 0, 0, 0, 1, 0]"
trum,2018-06-30-16:31:21,neutral,"[0, 0, 0, 0, 0, 0]"
trum,2018-06-30-16:31:22,neutral,"[0, 0, 0, 0, 0, 0]"
trum,2018-06-30-16:31:22,neutral,"[0, 0, 0, 0, 0, 0]"
trum,2018-06-30-16:31:22,neutral,"[0, 0, 0, 0, 0, 0]"
trum,2018-06-30-16:31:22,neutral,"[0, 0, 0, 0, 0, 0]"
trum,2018-06-30-16:31:22,neutral,"[0, 0, 0, 0, 0, 0]"
trum,2018-06-30-16:31:22,neutral,"[0, 0, 0, 0, 0, 0]"
trum,2018-06-30-16:31:22,neutral,"[0, 0, 0, 0, 0, 0]"
trum,2018-06-30-16:31:23,neutral,"[0, 0, 0, 0, 0, 0]"
trum,2018-06-30-16:31:23,neutral,"[0, 0, 0, 0, 0, 0]"
trum,2018-06-30-16:31:23,neutral,"[0, 0, 0, 0, 0, 0]"
trum,2018-06-30-16:31:23,neutral,"[0, 0, 0, 0, 0, 0]"
trum,2018-06-30-16:31:23,neutral,"[0, 0, 0, 0, 0, 0]"
trum,2018-06-30-16:31:23,neutral,"[0, 0, 0, 0, 0, 0]"
trum,2018-06-30-16:31:24,neutral,"[0, 0, 0, 0, 0, 0]"
trum,2018-06-30-16:31:24,neutral,"[0, 0, 0, 0, 0, 0]"
trum,2018-06-30-16:31:24,neutral,"[0, 0, 0, 0, 0, 0]"
trum,2018-06-30-16:31:24,neutral,"[0, 0, 0, 0, 0, 0]"
trum,2018-06-30-16:31:24,neutral,"[0, 0, 0, 0, 0, 0]"
trum,2018-06-30-16:31:24,neutral,"[0, 0, 0, 0, 0, 0]"
trum,2018-06-30-16:31:24,neutral,"[0, 0, 0, 0, 0, 0]"
trum,2018-06-30-16:31:25,neutral,"[0, 0, 0, 0, 0, 0]"
trum,2018-06-30-16:31:25,neutral,"[0, 0, 0, 0, 0, 0]"
trum,2018-06-30-16:31:25,neutral,"[0, 0, 0, 0, 0, 0]"
trum,2018-06-30-16:31:25,neutral,"[0, 0, 0, 0, 0, 0]"
trum,2018-06-30-16:31:25,neutral,"[0, 0, 0, 0, 0, 0]"
trum,2018-06-30-16:31:25,neutral,"[0, 0, 0, 0, 0, 0]"
trum,2018-06-30-16:31:26,neutral,"[0, 0, 0, 0, 0, 0]"
trum,2018-06-30-16:31:26,neutral,"[0, 0, 0, 0, 0, 0]"
trum,2018-06-30-16:31:26,neutral,"[0, 0, 0, 0, 0, 0]"
trum,2018-06-30-16:31:26,neutral,"[0, 0, 0, 0, 0, 0]"
trum,2018-06-30-16:31:26,neutral,"[0, 0, 0, 0, 0, 0]"
trum,2018-06-30-16:31:26,neutral,"[0, 0, 0, 0, 0, 0]"
trum,2018-06-30-16:31:27,neutral,"[0, 0, 0, 0, 0, 0]"
trum,2018-06-30-16:31:27,neutral,"[0, 0, 0, 0, 0, 0]"
trum,2018-06-30-16:31:27,neutral,"[0, 0, 0, 0, 0, 0]"
trum,2018-06-30-16:31:27,neutral,"[0, 0, 0, 0, 0, 0]"
trum,2018-06-30-16:31:27,neutral,"[0, 0, 0, 0, 0, 0]"
trum,2018-06-30-16:31:27,neutral,"[0, 0, 0, 0, 0, 0]"
trum,2018-06-30-16:31:28,neutral,"[0, 0, 0, 0, 0, 0]"
trum,2018-06-30-16:31:28,neutral,"[0, 0, 0, 0, 0, 0]"
trum,2018-06-30-16:31:28,neutral,"[0, 0, 0, 0, 0, 0]"
trum,2018-06-30-16:31:28,neutral,"[0, 0, 0, 0, 0, 0]"
trum,2018-06-30-16:31:28,neutral,"[0, 0, 0, 0, 0, 0]"
trum,2018-06-30-16:31:28,neutral,"[0, 0, 0, 0, 0, 0]"
trum,2018-06-30-16:31:28,neutral,"[0, 0, 0, 0, 0, 0]"
trum,2018-06-30-16:31:29,neutral,"[0, 0, 0, 0, 0, 0]"
trum,2018-06-30-16:31:29,neutral,"[0, 0, 0, 0, 0, 0]"
trum,2018-06-30-16:31:29,neutral,"[0, 0, 0, 0, 0, 0]"
trum,2018-06-30-16:31:29,neutral,"[0, 0, 0, 0, 0, 0]"
trum,2018-06-30-16:31:29,neutral,"[0, 0, 0, 0, 0, 0]"
trum,2018-06-30-16:31:30,happy,"[0, 0, 0, 0, 1, 0]"
trum,2018-06-30-16:31:30,happy,"[0, 0, 0, 0, 1, 0]"
trum,2018-06-30-16:31:30,happy,"[0, 0, 0, 0, 1, 0]"
trum,2018-06-30-16:31:30,happy,"[0, 0, 0, 0, 1, 0]"
trum,2018-06-30-16:31:30,happy,"[0, 0, 0, 0, 1, 0]"
trum,2018-06-30-16:31:30,happy,"[0, 0, 0, 0, 1, 0]"
trum,2018-06-30-16:31:30,happy,"[0, 0, 0, 0, 1, 0]"
trum,2018-06-30-16:31:31,happy,"[0, 0, 0, 0, 1, 0]"
trum,2018-06-30-16:31:31,happy,"[0, 0, 0, 0, 1, 0]"
trum,2018-06-30-16:31:31,happy,"[0, 0, 0, 0, 1, 0]"
trum,2018-06-30-16:31:31,happy,"[0, 0, 0, 0, 1, 0]"
trum,2018-06-30-16:31:31,happy,"[0, 0, 0, 0, 1, 0]"
trum,2018-06-30-16:31:32,happy,"[0, 0, 0, 0, 1, 0]"
trum,2018-06-30-16:31:32,happy,"[0, 0, 0, 0, 1, 0]"
trum,2018-06-30-16:31:32,happy,"[0, 0, 0, 0, 1, 0]"
trum,2018-06-30-16:31:32,happy,"[0, 0, 0, 0, 1, 0]"
trum,2018-06-30-16:31:32,happy,"[0, 0, 0, 0, 1, 0]"
trum,2018-06-30-16:31:38,happy,"[0, 0, 0, 0, 1, 0]"
trum,2018-06-30-16:31:38,happy,"[0, 0, 0, 0, 1, 0]"
trum,2018-06-30-16:31:38,happy,"[0, 0, 0, 0, 1, 0]"
trum,2018-06-30-16:31:39,happy,"[0, 0, 0, 0, 1, 0]"
trum,2018-06-30-16:31:39,sad,"[0, 0, 1, 0, 0, 0]"
trum,2018-06-30-16:31:39,sad,"[0, 0, 1, 0, 0, 0]"
trum,2018-06-30-16:31:39,sad,"[0, 0, 1, 0, 0, 0]"
trum,2018-06-30-16:31:39,sad,"[0, 0, 1, 0, 0, 0]"
trum,2018-06-30-16:31:39,sad,"[0, 0, 1, 0, 0, 0]"
trum,2018-06-30-16:31:40,sad,"[0, 0, 1, 0, 0, 0]"
trum,2018-06-30-16:31:40,sad,"[0, 0, 1, 0, 0, 0]"
trum,2018-06-30-16:31:40,sad,"[0, 0, 1, 0, 0, 0]"
trum,2018-06-30-16:31:40,sad,"[0, 0, 1, 0, 0, 0]"
trum,2018-06-30-16:31:40,sad,"[0, 0, 1, 0, 0, 0]"
trum,2018-06-30-16:31:40,sad,"[0, 0, 1, 0, 0, 0]"
trum,2018-06-30-16:31:40,sad,"[0, 0, 1, 0, 0, 0]"
trum,2018-06-30-16:31:41,sad,"[0, 0, 1, 0, 0, 0]"
trum,2018-06-30-16:31:41,sad,"[0, 0, 1, 0, 0, 0]"
trum,2018-06-30-16:31:41,sad,"[0, 0, 1, 0, 0, 0]"
trum,2018-06-30-16:31:41,sad,"[0, 0, 1, 0, 0, 0]"
trum,2018-06-30-16:31:41,sad,"[0, 0, 1, 0, 0, 0]"
trum,2018-06-30-16:31:41,sad,"[0, 0, 1, 0, 0, 0]"
trum,2018-06-30-16:31:41,sad,"[0, 0, 1, 0, 0, 0]"
trum,2018-06-30-16:31:42,sad,"[0, 0, 1, 0, 0, 0]"
trum,2018-06-30-16:31:42,sad,"[0, 0, 1, 0, 0, 0]"
trum,2018-06-30-16:31:42,sad,"[0, 0, 1, 0, 0, 0]"
trum,2018-06-30-16:31:42,sad,"[0, 0, 1, 0, 0, 0]"
trum,2018-06-30-16:31:42,sad,"[0, 0, 1, 0, 0, 0]"
trum,2018-06-30-16:31:42,sad,"[0, 0, 1, 0, 0, 0]"
trum,2018-06-30-16:31:43,sad,"[0, 0, 1, 0, 0, 0]"
trum,2018-06-30-16:31:43,sad,"[0, 0, 1, 0, 0, 0]"
trum,2018-06-30-16:31:43,sad,"[0, 0, 1, 0, 0, 0]"
trum,2018-06-30-16:31:43,sad,"[0, 0, 1, 0, 0, 0]"
trum,2018-06-30-16:31:43,sad,"[0, 0, 1, 0, 0, 0]"
trum,2018-06-30-16:31:43,sad,"[0, 0, 1, 0, 0, 0]"
trum,2018-06-30-16:31:43,sad,"[0, 0, 1, 0, 0, 0]"
trum,2018-06-30-16:31:44,sad,"[0, 0, 1, 0, 0, 0]"
trum,2018-06-30-16:31:44,sad,"[0, 0, 1, 0, 0, 0]"
trum,2018-06-30-16:31:44,sad,"[0, 0, 1, 0, 0, 0]"
trum,2018-06-30-16:31:44,sad,"[0, 0, 1, 0, 0, 0]"
trum,2018-06-30-16:31:44,sad,"[0, 0, 1, 0, 0, 0]"
trum,2018-06-30-16:31:44,sad,"[0, 0, 1, 0, 0, 0]"
trum,2018-06-30-16:31:44,sad,"[0, 0, 1, 0, 0, 0]"
trum,2018-06-30-16:31:45,sad,"[0, 0, 1, 0, 0, 0]"
trum,2018-06-30-16:31:45,sad,"[0, 0, 1, 0, 0, 0]"
trum,2018-06-30-16:31:45,sad,"[0, 0, 1, 0, 0, 0]"
trum,2018-06-30-16:31:46,sad,"[0, 0, 1, 0, 0, 0]"
trum,2018-06-30-16:31:46,sad,"[0, 0, 1, 0, 0, 0]"
trum,2018-06-30-16:31:46,sad,"[0, 0, 1, 0, 0, 0]"
trum,2018-06-30-16:31:46,sad,"[0, 0, 1, 0, 0, 0]"
trum,2018-06-30-16:31:53,happy,"[0, 0, 0, 0, 1, 0]"
trum,2018-06-30-16:31:53,happy,"[0, 0, 0, 0, 1, 0]"
trum,2018-06-30-16:31:56,sad,"[0, 0, 1, 0, 0, 0]"
trum,2018-06-30-16:31:56,sad,"[0, 0, 1, 0, 0, 0]"
trum,2018-06-30-16:31:56,sad,"[0, 0, 1, 0, 0, 0]"
trum,2018-06-30-16:31:57,sad,"[0, 0, 1, 0, 0, 0]"
trum,2018-06-30-16:31:57,happy,"[0, 0, 0, 0, 1, 0]"
trum,2018-06-30-16:31:57,happy,"[0, 0, 0, 0, 1, 0]"
trum,2018-06-30-16:31:57,happy,"[0, 0, 0, 0, 1, 0]"
trum,2018-06-30-16:31:58,happy,"[0, 0, 0, 0, 1, 0]"
trum,2018-06-30-16:31:58,happy,"[0, 0, 0, 0, 1, 0]"
trum,2018-06-30-16:31:58,happy,"[0, 0, 0, 0, 1, 0]"
trum,2018-06-30-16:31:58,happy,"[0, 0, 0, 0, 1, 0]"
trum,2018-06-30-16:31:58,happy,"[0, 0, 0, 0, 1, 0]"
trum,2018-06-30-16:31:58,sad,"[0, 0, 1, 0, 0, 0]"
trum,2018-06-30-16:31:58,sad,"[0, 0, 1, 0, 0, 0]"
trum,2018-06-30-16:31:59,sad,"[0, 0, 1, 0, 0, 0]"
trum,2018-06-30-16:31:59,sad,"[0, 0, 1, 0, 0, 0]"
trum,2018-06-30-16:31:59,sad,"[0, 0, 1, 0, 0, 0]"
trum,2018-06-30-16:31:59,sad,"[0, 0, 1, 0, 0, 0]"
trum,2018-06-30-16:31:59,sad,"[0, 0, 1, 0, 0, 0]"
trum,2018-06-30-16:31:59,sad,"[0, 0, 1, 0, 0, 0]"
trum,2018-06-30-16:31:59,sad,"[0, 0, 1, 0, 0, 0]"
trum,2018-06-30-16:32:00,sad,"[0, 0, 1, 0, 0, 0]"
trum,2018-06-30-16:32:00,sad,"[0, 0, 1, 0, 0, 0]"
trum,2018-06-30-16:32:00,sad,"[0, 0, 1, 0, 0, 0]"
trum,2018-06-30-16:32:00,sad,"[0, 0, 1, 0, 0, 0]"
trum,2018-06-30-16:32:00,sad,"[0, 0, 1, 0, 0, 0]"
trum,2018-06-30-16:32:00,sad,"[0, 0, 1, 0, 0, 0]"
trum,2018-06-30-16:32:01,sad,"[0, 0, 1, 0, 0, 0]"
trum,2018-06-30-16:32:01,sad,"[0, 0, 1, 0, 0, 0]"
trum,2018-06-30-16:32:01,sad,"[0, 0, 1, 0, 0, 0]"
trum,2018-06-30-16:32:01,sad,"[0, 0, 1, 0, 0, 0]"
trum,2018-06-30-16:32:01,sad,"[0, 0, 1, 0, 0, 0]"
trum,2018-06-30-16:32:01,sad,"[0, 0, 1, 0, 0, 0]"
trum,2018-06-30-16:32:01,sad,"[0, 0, 1, 0, 0, 0]"
trum,2018-06-30-16:32:02,sad,"[0, 0, 1, 0, 0, 0]"
trum,2018-06-30-16:32:02,sad,"[0, 0, 1, 0, 0, 0]"
trum,2018-06-30-16:32:02,sad,"[0, 0, 1, 0, 0, 0]"
trum,2018-06-30-16:32:02,sad,"[0, 0, 1, 0, 0, 0]"
trum,2018-06-30-16:32:02,sad,"[0, 0, 1, 0, 0, 0]"
trum,2018-06-30-16:32:12,angry,"[0, 0, 0, 0, 0, 1]"
trum,2018-06-30-16:32:12,angry,"[0, 0, 0, 0, 0, 1]"
trum,2018-06-30-16:32:12,angry,"[0, 0, 0, 0, 0, 1]"
trum,2018-06-30-16:32:12,angry,"[0, 0, 0, 0, 0, 1]"
trum,2018-06-30-16:32:13,angry,"[0, 0, 0, 0, 0, 1]"
trum,2018-06-30-16:32:13,angry,"[0, 0, 0, 0, 0, 1]"
trum,2018-06-30-16:32:13,angry,"[0, 0, 0, 0, 0, 1]"
trum,2018-06-30-16:32:13,angry,"[0, 0, 0, 0, 0, 1]"
trum,2018-06-30-16:32:13,angry,"[0, 0, 0, 0, 0, 1]"
trum,2018-06-30-16:32:13,angry,"[0, 0, 0, 0, 0, 1]"
trum,2018-06-30-16:32:13,angry,"[0, 0, 0, 0, 0, 1]"
trum,2018-06-30-16:32:14,angry,"[0, 0, 0, 0, 0, 1]"
trum,2018-06-30-16:32:14,angry,"[0, 0, 0, 0, 0, 1]"
trum,2018-06-30-16:32:14,angry,"[0, 0, 0, 0, 0, 1]"
trum,2018-06-30-16:32:14,angry,"[0, 0, 0, 0, 0, 1]"
trum,2018-06-30-16:32:14,angry,"[0, 0, 0, 0, 0, 1]"
trum,2018-06-30-16:32:26,happy,"[0, 0, 0, 0, 1, 0]"
trum,2018-06-30-16:32:26,happy,"[0, 0, 0, 0, 1, 0]"
trum,2018-06-30-16:32:26,happy,"[0, 0, 0, 0, 1, 0]"
trum,2018-06-30-16:32:26,happy,"[0, 0, 0, 0, 1, 0]"
trum,2018-06-30-16:32:26,happy,"[0, 0, 0, 0, 1, 0]"
trum,2018-06-30-16:32:27,happy,"[0, 0, 0, 0, 1, 0]"
trum,2018-06-30-16:32:27,happy,"[0, 0, 0, 0, 1, 0]"
trum,2018-06-30-16:32:28,happy,"[0, 0, 0, 0, 1, 0]"
trum,2018-06-30-16:32:30,happy,"[0, 0, 0, 0, 1, 0]"
trum,2018-06-30-16:32:30,happy,"[0, 0, 0, 0, 1, 0]"
trum,2018-06-30-16:32:30,happy,"[0, 0, 0, 0, 1, 0]"
trum,2018-06-30-16:32:30,happy,"[0, 0, 0, 0, 1, 0]"
trum,2018-06-30-16:32:30,angry,"[0, 0, 0, 0, 0, 1]"
trum,2018-06-30-16:32:31,angry,"[0, 0, 0, 0, 0, 1]"
trum,2018-06-30-16:32:31,angry,"[0, 0, 0, 0, 0, 1]"
trum,2018-06-30-16:32:31,angry,"[0, 0, 0, 0, 0, 1]"
trum,2018-06-30-16:32:31,angry,"[0, 0, 0, 0, 0, 1]"
trum,2018-06-30-16:32:31,angry,"[0, 0, 0, 0, 0, 1]"
trum,2018-06-30-16:32:31,angry,"[0, 0, 0, 0, 0, 1]"
trum,2018-06-30-16:32:31,angry,"[0, 0, 0, 0, 0, 1]"
trum,2018-06-30-16:32:32,angry,"[0, 0, 0, 0, 0, 1]"
trum,2018-06-30-16:32:32,angry,"[0, 0, 0, 0, 0, 1]"
trum,2018-06-30-16:32:32,angry,"[0, 0, 0, 0, 0, 1]"
trum,2018-06-30-16:32:32,angry,"[0, 0, 0, 0, 0, 1]"
trum,2018-06-30-16:32:32,angry,"[0, 0, 0, 0, 0, 1]"
trum,2018-06-30-16:32:32,angry,"[0, 0, 0, 0, 0, 1]"
trum,2018-06-30-16:32:33,angry,"[0, 0, 0, 0, 0, 1]"
trum,2018-06-30-16:32:33,angry,"[0, 0, 0, 0, 0, 1]"
trum,2018-06-30-16:32:33,angry,"[0, 0, 0, 0, 0, 1]"
trum,2018-06-30-16:32:33,angry,"[0, 0, 0, 0, 0, 1]"
trum,2018-06-30-16:32:33,angry,"[0, 0, 0, 0, 0, 1]"
trum,2018-06-30-16:32:33,angry,"[0, 0, 0, 0, 0, 1]"
trum,2018-06-30-16:32:34,angry,"[0, 0, 0, 0, 0, 1]"
trum,2018-06-30-16:32:34,angry,"[0, 0, 0, 0, 0, 1]"
trum,2018-06-30-16:32:34,angry,"[0, 0, 0, 0, 0, 1]"
trum,2018-06-30-16:32:34,angry,"[0, 0, 0, 0, 0, 1]"
trum,2018-06-30-16:32:34,angry,"[0, 0, 0, 0, 0, 1]"
trum,2018-06-30-16:32:34,angry,"[0, 0, 0, 0, 0, 1]"
trum,2018-06-30-16:32:34,angry,"[0, 0, 0, 0, 0, 1]"
trum,2018-06-30-16:32:35,angry,"[0, 0, 0, 0, 0, 1]"
trum,2018-06-30-16:32:35,angry,"[0, 0, 0, 0, 0, 1]"
trum,2018-06-30-16:32:35,angry,"[0, 0, 0, 0, 0, 1]"
trum,2018-06-30-16:32:35,angry,"[0, 0, 0, 0, 0, 1]"
trum,2018-06-30-16:32:35,angry,"[0, 0, 0, 0, 0, 1]"
trum,2018-06-30-16:32:35,angry,"[0, 0, 0, 0, 0, 1]"
trum,2018-06-30-16:32:36,angry,"[0, 0, 0, 0, 0, 1]"
trum,2018-06-30-16:32:36,angry,"[0, 0, 0, 0, 0, 1]"
trum,2018-06-30-16:32:45,angry,"[0, 0, 0, 0, 0, 1]"
trum,2018-06-30-16:32:45,angry,"[0, 0, 0, 0, 0, 1]"
trum,2018-06-30-16:32:45,angry,"[0, 0, 0, 0, 0, 1]"
trum,2018-06-30-16:32:45,angry,"[0, 0, 0, 0, 0, 1]"
trum,2018-06-30-16:32:45,happy,"[0, 0, 0, 0, 1, 0]"
trum,2018-06-30-16:32:45,happy,"[0, 0, 0, 0, 1, 0]"
trum,2018-06-30-16:32:46,happy,"[0, 0, 0, 0, 1, 0]"
trum,2018-06-30-16:32:46,happy,"[0, 0, 0, 0, 1, 0]"
trum,2018-06-30-16:32:46,happy,"[0, 0, 0, 0, 1, 0]"
trum,2018-06-30-16:32:46,happy,"[0, 0, 0, 0, 1, 0]"
trum,2018-06-30-16:32:46,happy,"[0, 0, 0, 0, 1, 0]"
trum,2018-06-30-16:32:46,happy,"[0, 0, 0, 0, 1, 0]"
trum,2018-06-30-16:32:47,happy,"[0, 0, 0, 0, 1, 0]"
trum,2018-06-30-16:32:47,happy,"[0, 0, 0, 0, 1, 0]"
trum,2018-06-30-16:32:47,happy,"[0, 0, 0, 0, 1, 0]"
trum,2018-06-30-16:32:47,happy,"[0, 0, 0, 0, 1, 0]"
trum,2018-06-30-16:32:48,happy,"[0, 0, 0, 0, 1, 0]"
trum,2018-06-30-16:32:48,happy,"[0, 0, 0, 0, 1, 0]"
trum,2018-06-30-16:32:48,angry,"[0, 0, 0, 0, 0, 1]"
trum,2018-06-30-16:32:48,angry,"[0, 0, 0, 0, 0, 1]"
trum,2018-06-30-16:32:48,angry,"[0, 0, 0, 0, 0, 1]"
trum,2018-06-30-16:32:48,angry,"[0, 0, 0, 0, 0, 1]"
trum,2018-06-30-16:32:49,angry,"[0, 0, 0, 0, 0, 1]"
trum,2018-06-30-16:32:49,angry,"[0, 0, 0, 0, 0, 1]"
trum,2018-06-30-16:32:49,angry,"[0, 0, 0, 0, 0, 1]"
trum,2018-06-30-16:32:49,angry,"[0, 0, 0, 0, 0, 1]"
trum,2018-06-30-16:32:49,angry,"[0, 0, 0, 0, 0, 1]"
trum,2018-06-30-16:32:50,angry,"[0, 0, 0, 0, 0, 1]"
trum,2018-06-30-16:32:50,happy,"[0, 0, 0, 0, 1, 0]"
trum,2018-06-30-16:32:50,happy,"[0, 0, 0, 0, 1, 0]"
trum,2018-06-30-16:32:55,angry,"[0, 0, 0, 0, 0, 1]"
trum,2018-06-30-16:32:55,angry,"[0, 0, 0, 0, 0, 1]"
trum,2018-06-30-16:32:56,angry,"[0, 0, 0, 0, 0, 1]"
trum,2018-06-30-16:32:56,angry,"[0, 0, 0, 0, 0, 1]"
trum,2018-06-30-16:32:56,angry,"[0, 0, 0, 0, 0, 1]"
trum,2018-06-30-16:32:56,angry,"[0, 0, 0, 0, 0, 1]"
trum,2018-06-30-16:32:56,angry,"[0, 0, 0, 0, 0, 1]"
trum,2018-06-30-16:32:56,angry,"[0, 0, 0, 0, 0, 1]"
trum,2018-06-30-16:32:57,angry,"[0, 0, 0, 0, 0, 1]"
trum,2018-06-30-16:32:57,sad,"[0, 0, 1, 0, 0, 0]"
trum,2018-06-30-16:32:57,sad,"[0, 0, 1, 0, 0, 0]"
trum,2018-06-30-16:32:57,sad,"[0, 0, 1, 0, 0, 0]"
trum,2018-06-30-16:32:57,sad,"[0, 0, 1, 0, 0, 0]"
trum,2018-06-30-16:32:58,sad,"[0, 0, 1, 0, 0, 0]"
trum,2018-06-30-16:32:58,sad,"[0, 0, 1, 0, 0, 0]"
trum,2018-06-30-16:32:58,sad,"[0, 0, 1, 0, 0, 0]"
trum,2018-06-30-16:32:58,sad,"[0, 0, 1, 0, 0, 0]"
trum,2018-06-30-16:32:59,sad,"[0, 0, 1, 0, 0, 0]"
trum,2018-06-30-16:32:59,sad,"[0, 0, 1, 0, 0, 0]"
trum,2018-06-30-16:33:03,angry,"[0, 0, 0, 0, 0, 1]"
trum,2018-06-30-16:33:03,angry,"[0, 0, 0, 0, 0, 1]"
trum,2018-06-30-16:33:03,angry,"[0, 0, 0, 0, 0, 1]"
trum,2018-06-30-16:33:03,angry,"[0, 0, 0, 0, 0, 1]"
trum,2018-06-30-16:33:03,angry,"[0, 0, 0, 0, 0, 1]"
trum,2018-06-30-16:33:04,angry,"[0, 0, 0, 0, 0, 1]"
trum,2018-06-30-16:33:04,angry,"[0, 0, 0, 0, 0, 1]"
trum,2018-06-30-16:33:04,angry,"[0, 0, 0, 0, 0, 1]"
trum,2018-06-30-16:33:04,angry,"[0, 0, 0, 0, 0, 1]"
trum,2018-06-30-16:33:04,angry,"[0, 0, 0, 0, 0, 1]"
trum,2018-06-30-16:33:04,angry,"[0, 0, 0, 0, 0, 1]"
trum,2018-06-30-16:33:05,angry,"[0, 0, 0, 0, 0, 1]"
trum,2018-06-30-16:33:05,angry,"[0, 0, 0, 0, 0, 1]"
trum,2018-06-30-16:33:05,angry,"[0, 0, 0, 0, 0, 1]"
trum,2018-06-30-16:33:05,angry,"[0, 0, 0, 0, 0, 1]"
trum,2018-06-30-16:33:05,angry,"[0, 0, 0, 0, 0, 1]"
trum,2018-06-30-16:33:05,angry,"[0, 0, 0, 0, 0, 1]"
trum,2018-06-30-16:33:06,angry,"[0, 0, 0, 0, 0, 1]"
trum,2018-06-30-16:33:06,angry,"[0, 0, 0, 0, 0, 1]"
trum,2018-06-30-16:33:06,angry,"[0, 0, 0, 0, 0, 1]"
trum,2018-06-30-16:33:06,angry,"[0, 0, 0, 0, 0, 1]"
trum,2018-06-30-16:33:06,angry,"[0, 0, 0, 0, 0, 1]"
trum,2018-06-30-16:33:07,neutral,"[0, 0, 0, 0, 0, 0]"
trum,2018-06-30-16:33:07,neutral,"[0, 0, 0, 0, 0, 0]"
trum,2018-06-30-16:33:07,neutral,"[0, 0, 0, 0, 0, 0]"
trum,2018-06-30-16:33:07,neutral,"[0, 0, 0, 0, 0, 0]"
trum,2018-06-30-16:33:07,neutral,"[0, 0, 0, 0, 0, 0]"
trum,2018-06-30-16:33:07,neutral,"[0, 0, 0, 0, 0, 0]"
trum,2018-06-30-16:33:08,neutral,"[0, 0, 0, 0, 0, 0]"
trum,2018-06-30-16:33:08,neutral,"[0, 0, 0, 0, 0, 0]"
trum,2018-06-30-16:33:08,neutral,"[0, 0, 0, 0, 0, 0]"
trum,2018-06-30-16:33:08,neutral,"[0, 0, 0, 0, 0, 0]"
trum,2018-06-30-16:33:08,neutral,"[0, 0, 0, 0, 0, 0]"
trum,2018-06-30-16:33:08,neutral,"[0, 0, 0, 0, 0, 0]"
trum,2018-06-30-16:33:09,neutral,"[0, 0, 0, 0, 0, 0]"
trum,2018-06-30-16:33:09,neutral,"[0, 0, 0, 0, 0, 0]"
trum,2018-06-30-16:33:09,neutral,"[0, 0, 0, 0, 0, 0]"
trum,2018-06-30-16:33:09,neutral,"[0, 0, 0, 0, 0, 0]"
trum,2018-06-30-16:33:09,neutral,"[0, 0, 0, 0, 0, 0]"
trum,2018-06-30-16:33:09,neutral,"[0, 0, 0, 0, 0, 0]"
trum,2018-06-30-16:33:10,neutral,"[0, 0, 0, 0, 0, 0]"
trum,2018-06-30-16:33:10,neutral,"[0, 0, 0, 0, 0, 0]"
trum,2018-06-30-16:33:10,neutral,"[0, 0, 0, 0, 0, 0]"
trum,2018-06-30-16:33:10,neutral,"[0, 0, 0, 0, 0, 0]"
trum,2018-06-30-16:33:10,neutral,"[0, 0, 0, 0, 0, 0]"
trum,2018-06-30-16:33:10,neutral,"[0, 0, 0, 0, 0, 0]"
trum,2018-06-30-16:33:11,neutral,"[0, 0, 0, 0, 0, 0]"
trum,2018-06-30-16:33:11,neutral,"[0, 0, 0, 0, 0, 0]"
trum,2018-06-30-16:33:11,neutral,"[0, 0, 0, 0, 0, 0]"
trum,2018-06-30-16:33:11,neutral,"[0, 0, 0, 0, 0, 0]"
trum,2018-06-30-16:33:11,neutral,"[0, 0, 0, 0, 0, 0]"
trum,2018-06-30-16:33:11,neutral,"[0, 0, 0, 0, 0, 0]"
trum,2018-06-30-16:33:11,neutral,"[0, 0, 0, 0, 0, 0]"
trum,2018-06-30-16:33:12,neutral,"[0, 0, 0, 0, 0, 0]"
trum,2018-06-30-16:33:12,neutral,"[0, 0, 0, 0, 0, 0]"
trum,2018-06-30-16:33:12,neutral,"[0, 0, 0, 0, 0, 0]"
trum,2018-06-30-16:33:12,neutral,"[0, 0, 0, 0, 0, 0]"
trum,2018-06-30-16:33:12,neutral,"[0, 0, 0, 0, 0, 0]"
trum,2018-06-30-16:33:12,neutral,"[0, 0, 0, 0, 0, 0]"
trum,2018-06-30-16:33:13,neutral,"[0, 0, 0, 0, 0, 0]"
trum,2018-06-30-16:33:13,neutral,"[0, 0, 0, 0, 0, 0]"
trum,2018-06-30-16:33:13,neutral,"[0, 0, 0, 0, 0, 0]"
trum,2018-06-30-16:33:13,neutral,"[0, 0, 0, 0, 0, 0]"
trum,2018-06-30-16:33:13,neutral,"[0, 0, 0, 0, 0, 0]"
trum,2018-06-30-16:33:13,neutral,"[0, 0, 0, 0, 0, 0]"
trum,2018-06-30-16:33:14,neutral,"[0, 0, 0, 0, 0, 0]"
trum,2018-06-30-16:33:14,neutral,"[0, 0, 0, 0, 0, 0]"
trum,2018-06-30-16:33:14,neutral,"[0, 0, 0, 0, 0, 0]"
trum,2018-06-30-16:33:14,neutral,"[0, 0, 0, 0, 0, 0]"
trum,2018-06-30-16:33:14,neutral,"[0, 0, 0, 0, 0, 0]"
trum,2018-06-30-16:33:14,neutral,"[0, 0, 0, 0, 0, 0]"
trum,2018-06-30-16:33:15,neutral,"[0, 0, 0, 0, 0, 0]"
trum,2018-06-30-16:33:15,neutral,"[0, 0, 0, 0, 0, 0]"
trum,2018-06-30-16:33:15,neutral,"[0, 0, 0, 0, 0, 0]"
trum,2018-06-30-16:33:15,neutral,"[0, 0, 0, 0, 0, 0]"
trum,2018-06-30-16:33:15,neutral,"[0, 0, 0, 0, 0, 0]"
trum,2018-06-30-16:33:15,neutral,"[0, 0, 0, 0, 0, 0]"
trum,2018-06-30-16:33:15,neutral,"[0, 0, 0, 0, 0, 0]"
trum,2018-06-30-16:33:16,neutral,"[0, 0, 0, 0, 0, 0]"
trum,2018-06-30-16:33:16,neutral,"[0, 0, 0, 0, 0, 0]"
trum,2018-06-30-16:33:16,neutral,"[0, 0, 0, 0, 0, 0]"
trum,2018-06-30-16:33:16,neutral,"[0, 0, 0, 0, 0, 0]"
trum,2018-06-30-16:33:16,neutral,"[0, 0, 0, 0, 0, 0]"
trum,2018-06-30-16:33:16,neutral,"[0, 0, 0, 0, 0, 0]"
trum,2018-06-30-16:33:17,neutral,"[0, 0, 0, 0, 0, 0]"
trum,2018-06-30-16:33:17,neutral,"[0, 0, 0, 0, 0, 0]"
trum,2018-06-30-16:33:17,neutral,"[0, 0, 0, 0, 0, 0]"
trum,2018-06-30-16:33:17,neutral,"[0, 0, 0, 0, 0, 0]"
trum,2018-06-30-16:33:17,neutral,"[0, 0, 0, 0, 0, 0]"
trum,2018-06-30-16:33:17,neutral,"[0, 0, 0, 0, 0, 0]"
trum,2018-06-30-16:33:18,neutral,"[0, 0, 0, 0, 0, 0]"
trum,2018-06-30-16:33:18,neutral,"[0, 0, 0, 0, 0, 0]"
trum,2018-06-30-16:33:18,neutral,"[0, 0, 0, 0, 0, 0]"
trum,2018-06-30-16:33:18,neutral,"[0, 0, 0, 0, 0, 0]"
trum,2018-06-30-16:33:18,neutral,"[0, 0, 0, 0, 0, 0]"
trum,2018-06-30-16:33:18,neutral,"[0, 0, 0, 0, 0, 0]"
trum,2018-06-30-16:33:19,neutral,"[0, 0, 0, 0, 0, 0]"
trum,2018-06-30-16:33:19,neutral,"[0, 0, 0, 0, 0, 0]"
trum,2018-06-30-16:33:19,neutral,"[0, 0, 0, 0, 0, 0]"
trum,2018-06-30-16:33:19,neutral,"[0, 0, 0, 0, 0, 0]"
trum,2018-06-30-16:33:19,neutral,"[0, 0, 0, 0, 0, 0]"
trum,2018-06-30-16:33:19,neutral,"[0, 0, 0, 0, 0, 0]"
trum,2018-06-30-16:33:19,neutral,"[0, 0, 0, 0, 0, 0]"
trum,2018-06-30-16:33:20,neutral,"[0, 0, 0, 0, 0, 0]"
trum,2018-06-30-16:33:20,neutral,"[0, 0, 0, 0, 0, 0]"
trum,2018-06-30-16:33:20,neutral,"[0, 0, 0, 0, 0, 0]"
trum,2018-06-30-16:33:20,neutral,"[0, 0, 0, 0, 0, 0]"
trum,2018-06-30-16:33:20,neutral,"[0, 0, 0, 0, 0, 0]"
trum,2018-06-30-16:33:20,neutral,"[0, 0, 0, 0, 0, 0]"
trum,2018-06-30-16:33:21,neutral,"[0, 0, 0, 0, 0, 0]"
trum,2018-06-30-16:33:21,neutral,"[0, 0, 0, 0, 0, 0]"
trum,2018-06-30-16:33:21,neutral,"[0, 0, 0, 0, 0, 0]"
trum,2018-06-30-16:33:21,neutral,"[0, 0, 0, 0, 0, 0]"
trum,2018-06-30-16:33:21,neutral,"[0, 0, 0, 0, 0, 0]"
trum,2018-06-30-16:33:21,neutral,"[0, 0, 0, 0, 0, 0]"
trum,2018-06-30-16:33:22,neutral,"[0, 0, 0, 0, 0, 0]"
trum,2018-06-30-16:33:22,neutral,"[0, 0, 0, 0, 0, 0]"
trum,2018-06-30-16:33:22,neutral,"[0, 0, 0, 0, 0, 0]"
trum,2018-06-30-16:33:22,neutral,"[0, 0, 0, 0, 0, 0]"
trum,2018-06-30-16:33:22,neutral,"[0, 0, 0, 0, 0, 0]"
trum,2018-06-30-16:33:22,neutral,"[0, 0, 0, 0, 0, 0]"
trum,2018-06-30-16:33:22,neutral,"[0, 0, 0, 0, 0, 0]"
trum,2018-06-30-16:33:23,neutral,"[0, 0, 0, 0, 0, 0]"
trum,2018-06-30-16:33:23,neutral,"[0, 0, 0, 0, 0, 0]"
trum,2018-06-30-16:33:23,neutral,"[0, 0, 0, 0, 0, 0]"
trum,2018-06-30-16:33:23,neutral,"[0, 0, 0, 0, 0, 0]"
trum,2018-06-30-16:33:30,angry,"[0, 0, 0, 0, 0, 1]"
trum,2018-06-30-16:33:31,angry,"[0, 0, 0, 0, 0, 1]"
trum,2018-06-30-16:33:31,angry,"[0, 0, 0, 0, 0, 1]"
trum,2018-06-30-16:33:31,sad,"[0, 0, 1, 0, 0, 0]"
trum,2018-06-30-16:33:31,sad,"[0, 0, 1, 0, 0, 0]"
trum,2018-06-30-16:33:31,sad,"[0, 0, 1, 0, 0, 0]"
trum,2018-06-30-16:33:32,sad,"[0, 0, 1, 0, 0, 0]"
trum,2018-06-30-16:33:32,sad,"[0, 0, 1, 0, 0, 0]"
trum,2018-06-30-16:33:32,sad,"[0, 0, 1, 0, 0, 0]"
trum,2018-06-30-16:33:32,sad,"[0, 0, 1, 0, 0, 0]"
trum,2018-06-30-16:33:32,sad,"[0, 0, 1, 0, 0, 0]"
trum,2018-06-30-16:33:33,sad,"[0, 0, 1, 0, 0, 0]"
trum,2018-06-30-16:33:33,sad,"[0, 0, 1, 0, 0, 0]"
trum,2018-06-30-16:33:33,sad,"[0, 0, 1, 0, 0, 0]"
trum,2018-06-30-16:33:33,sad,"[0, 0, 1, 0, 0, 0]"
trum,2018-06-30-16:33:33,sad,"[0, 0, 1, 0, 0, 0]"
trum,2018-06-30-16:33:33,sad,"[0, 0, 1, 0, 0, 0]"
trum,2018-06-30-16:33:34,sad,"[0, 0, 1, 0, 0, 0]"
trum,2018-06-30-16:33:34,sad,"[0, 0, 1, 0, 0, 0]"
trum,2018-06-30-16:33:34,sad,"[0, 0, 1, 0, 0, 0]"
trum,2018-06-30-16:33:34,sad,"[0, 0, 1, 0, 0, 0]"
trum,2018-06-30-16:33:34,sad,"[0, 0, 1, 0, 0, 0]"
trum,2018-06-30-16:33:34,sad,"[0, 0, 1, 0, 0, 0]"
trum,2018-06-30-16:33:35,sad,"[0, 0, 1, 0, 0, 0]"
trum,2018-06-30-16:33:35,sad,"[0, 0, 1, 0, 0, 0]"
trum,2018-06-30-16:33:35,sad,"[0, 0, 1, 0, 0, 0]"
trum,2018-06-30-16:33:35,sad,"[0, 0, 1, 0, 0, 0]"
trum,2018-06-30-16:33:35,sad,"[0, 0, 1, 0, 0, 0]"
trum,2018-06-30-16:33:35,sad,"[0, 0, 1, 0, 0, 0]"
trum,2018-06-30-16:33:35,sad,"[0, 0, 1, 0, 0, 0]"
trum,2018-06-30-16:33:36,sad,"[0, 0, 1, 0, 0, 0]"
trum,2018-06-30-16:33:36,sad,"[0, 0, 1, 0, 0, 0]"
trum,2018-06-30-16:33:36,sad,"[0, 0, 1, 0, 0, 0]"
trum,2018-06-30-16:33:36,sad,"[0, 0, 1, 0, 0, 0]"
trum,2018-06-30-16:33:36,sad,"[0, 0, 1, 0, 0, 0]"
trum,2018-06-30-16:33:36,sad,"[0, 0, 1, 0, 0, 0]"
trum,2018-06-30-16:33:37,sad,"[0, 0, 1, 0, 0, 0]"
trum,2018-06-30-16:33:37,sad,"[0, 0, 1, 0, 0, 0]"
trum,2018-06-30-16:33:37,sad,"[0, 0, 1, 0, 0, 0]"
trum,2018-06-30-16:33:37,sad,"[0, 0, 1, 0, 0, 0]"
trum,2018-06-30-16:33:37,sad,"[0, 0, 1, 0, 0, 0]"
trum,2018-06-30-16:33:37,sad,"[0, 0, 1, 0, 0, 0]"
trum,2018-06-30-16:33:38,sad,"[0, 0, 1, 0, 0, 0]"
trum,2018-06-30-16:33:38,sad,"[0, 0, 1, 0, 0, 0]"
trum,2018-06-30-16:33:38,sad,"[0, 0, 1, 0, 0, 0]"
trum,2018-06-30-16:33:38,sad,"[0, 0, 1, 0, 0, 0]"
trum,2018-06-30-16:33:38,sad,"[0, 0, 1, 0, 0, 0]"
trum,2018-06-30-16:33:38,sad,"[0, 0, 1, 0, 0, 0]"
trum,2018-06-30-16:33:38,sad,"[0, 0, 1, 0, 0, 0]"
trum,2018-06-30-16:33:39,sad,"[0, 0, 1, 0, 0, 0]"
trum,2018-06-30-16:33:39,sad,"[0, 0, 1, 0, 0, 0]"
trum,2018-06-30-16:33:39,sad,"[0, 0, 1, 0, 0, 0]"
trum,2018-06-30-16:33:39,sad,"[0, 0, 1, 0, 0, 0]"
trum,2018-06-30-16:33:39,sad,"[0, 0, 1, 0, 0, 0]"
trum,2018-06-30-16:33:39,sad,"[0, 0, 1, 0, 0, 0]"
trum,2018-06-30-16:33:40,sad,"[0, 0, 1, 0, 0, 0]"
trum,2018-06-30-16:33:40,sad,"[0, 0, 1, 0, 0, 0]"
trum,2018-06-30-16:33:40,sad,"[0, 0, 1, 0, 0, 0]"
trum,2018-06-30-16:33:40,sad,"[0, 0, 1, 0, 0, 0]"
trum,2018-06-30-16:33:40,sad,"[0, 0, 1, 0, 0, 0]"
trum,2018-06-30-16:33:40,sad,"[0, 0, 1, 0, 0, 0]"
trum,2018-06-30-16:33:41,sad,"[0, 0, 1, 0, 0, 0]"
trum,2018-06-30-16:33:41,sad,"[0, 0, 1, 0, 0, 0]"
trum,2018-06-30-16:33:41,sad,"[0, 0, 1, 0, 0, 0]"
trum,2018-06-30-16:33:41,sad,"[0, 0, 1, 0, 0, 0]"
trum,2018-06-30-16:33:41,sad,"[0, 0, 1, 0, 0, 0]"
trum,2018-06-30-16:33:41,sad,"[0, 0, 1, 0, 0, 0]"
trum,2018-06-30-16:33:42,sad,"[0, 0, 1, 0, 0, 0]"
trum,2018-06-30-16:33:42,sad,"[0, 0, 1, 0, 0, 0]"
trum,2018-06-30-16:33:42,sad,"[0, 0, 1, 0, 0, 0]"
trum,2018-06-30-16:33:42,sad,"[0, 0, 1, 0, 0, 0]"
trum,2018-06-30-16:33:42,sad,"[0, 0, 1, 0, 0, 0]"
trum,2018-06-30-16:33:42,sad,"[0, 0, 1, 0, 0, 0]"
trum,2018-06-30-16:33:42,sad,"[0, 0, 1, 0, 0, 0]"
trum,2018-06-30-16:33:43,sad,"[0, 0, 1, 0, 0, 0]"
trum,2018-06-30-16:33:43,happy,"[0, 0, 0, 0, 1, 0]"
trum,2018-06-30-16:33:43,happy,"[0, 0, 0, 0, 1, 0]"
trum,2018-06-30-16:33:43,happy,"[0, 0, 0, 0, 1, 0]"
trum,2018-06-30-16:33:43,happy,"[0, 0, 0, 0, 1, 0]"
trum,2018-06-30-16:33:44,happy,"[0, 0, 0, 0, 1, 0]"
trum,2018-06-30-16:33:44,happy,"[0, 0, 0, 0, 1, 0]"
trum,2018-06-30-16:33:44,happy,"[0, 0, 0, 0, 1, 0]"
trum,2018-06-30-16:33:44,happy,"[0, 0, 0, 0, 1, 0]"
trum,2018-06-30-16:33:44,happy,"[0, 0, 0, 0, 1, 0]"
trum,2018-06-30-16:33:44,happy,"[0, 0, 0, 0, 1, 0]"
trum,2018-06-30-16:33:45,happy,"[0, 0, 0, 0, 1, 0]"
trum,2018-06-30-16:33:45,happy,"[0, 0, 0, 0, 1, 0]"
trum,2018-06-30-16:33:45,happy,"[0, 0, 0, 0, 1, 0]"
trum,2018-06-30-16:33:52,angry,"[0, 0, 0, 0, 0, 1]"
trum,2018-06-30-16:33:52,angry,"[0, 0, 0, 0, 0, 1]"
trum,2018-06-30-16:33:52,angry,"[0, 0, 0, 0, 0, 1]"
trum,2018-06-30-16:33:53,happy,"[0, 0, 0, 0, 1, 0]"
trum,2018-06-30-16:33:53,sad,"[0, 0, 1, 0, 0, 0]"
trum,2018-06-30-16:33:54,angry,"[0, 0, 0, 0, 0, 1]"
trum,2018-06-30-16:33:54,angry,"[0, 0, 0, 0, 0, 1]"
trum,2018-06-30-16:33:54,angry,"[0, 0, 0, 0, 0, 1]"
trum,2018-06-30-16:33:54,angry,"[0, 0, 0, 0, 0, 1]"
trum,2018-06-30-16:33:54,angry,"[0, 0, 0, 0, 0, 1]"
trum,2018-06-30-16:33:54,angry,"[0, 0, 0, 0, 0, 1]"
trum,2018-06-30-16:33:55,angry,"[0, 0, 0, 0, 0, 1]"
trum,2018-06-30-16:33:55,angry,"[0, 0, 0, 0, 0, 1]"
trum,2018-06-30-16:33:55,angry,"[0, 0, 0, 0, 0, 1]"
trum,2018-06-30-16:33:55,angry,"[0, 0, 0, 0, 0, 1]"
trum,2018-06-30-16:33:55,angry,"[0, 0, 0, 0, 0, 1]"
trum,2018-06-30-16:33:56,angry,"[0, 0, 0, 0, 0, 1]"
trum,2018-06-30-16:33:56,angry,"[0, 0, 0, 0, 0, 1]"
trum,2018-06-30-16:33:56,angry,"[0, 0, 0, 0, 0, 1]"
trum,2018-06-30-16:33:56,angry,"[0, 0, 0, 0, 0, 1]"
trum,2018-06-30-16:33:56,angry,"[0, 0, 0, 0, 0, 1]"
trum,2018-06-30-16:33:57,happy,"[0, 0, 0, 0, 1, 0]"
trum,2018-06-30-16:33:57,happy,"[0, 0, 0, 0, 1, 0]"
trum,2018-06-30-16:33:57,happy,"[0, 0, 0, 0, 1, 0]"
trum,2018-06-30-16:33:57,happy,"[0, 0, 0, 0, 1, 0]"
trum,2018-06-30-16:33:57,happy,"[0, 0, 0, 0, 1, 0]"
trum,2018-06-30-16:33:58,happy,"[0, 0, 0, 0, 1, 0]"
trum,2018-06-30-16:33:58,happy,"[0, 0, 0, 0, 1, 0]"
trum,2018-06-30-16:33:58,happy,"[0, 0, 0, 0, 1, 0]"
trum,2018-06-30-16:33:58,happy,"[0, 0, 0, 0, 1, 0]"
trum,2018-06-30-16:33:58,happy,"[0, 0, 0, 0, 1, 0]"
trum,2018-06-30-16:33:59,happy,"[0, 0, 0, 0, 1, 0]"
trum,2018-06-30-16:33:59,happy,"[0, 0, 0, 0, 1, 0]"
trum,2018-06-30-16:33:59,happy,"[0, 0, 0, 0, 1, 0]"
trum,2018-06-30-16:34:00,happy,"[0, 0, 0, 0, 1, 0]"
trum,2018-06-30-16:34:00,happy,"[0, 0, 0, 0, 1, 0]"
trum,2018-06-30-16:34:01,happy,"[0, 0, 0, 0, 1, 0]"
trum,2018-06-30-16:34:01,happy,"[0, 0, 0, 0, 1, 0]"
trum,2018-06-30-16:34:01,happy,"[0, 0, 0, 0, 1, 0]"
trum,2018-06-30-16:34:01,happy,"[0, 0, 0, 0, 1, 0]"
trum,2018-06-30-16:34:02,happy,"[0, 0, 0, 0, 1, 0]"
trum,2018-06-30-16:34:08,angry,"[0, 0, 0, 0, 0, 1]"
trum,2018-06-30-16:34:08,angry,"[0, 0, 0, 0, 0, 1]"
trum,2018-06-30-16:34:08,angry,"[0, 0, 0, 0, 0, 1]"
trum,2018-06-30-16:34:08,angry,"[0, 0, 0, 0, 0, 1]"
trum,2018-06-30-16:34:08,angry,"[0, 0, 0, 0, 0, 1]"
trum,2018-06-30-16:34:09,angry,"[0, 0, 0, 0, 0, 1]"
trum,2018-06-30-16:34:09,angry,"[0, 0, 0, 0, 0, 1]"
trum,2018-06-30-16:34:09,angry,"[0, 0, 0, 0, 0, 1]"
trum,2018-06-30-16:34:09,angry,"[0, 0, 0, 0, 0, 1]"
trum,2018-06-30-16:34:15,happy,"[0, 0, 0, 0, 1, 0]"
trum,2018-06-30-16:34:15,happy,"[0, 0, 0, 0, 1, 0]"
trum,2018-06-30-16:34:20,sad,"[0, 0, 1, 0, 0, 0]"
trum,2018-06-30-16:34:20,sad,"[0, 0, 1, 0, 0, 0]"
trum,2018-06-30-16:34:20,sad,"[0, 0, 1, 0, 0, 0]"
trum,2018-06-30-16:34:20,sad,"[0, 0, 1, 0, 0, 0]"
trum,2018-06-30-16:34:21,angry,"[0, 0, 0, 0, 0, 1]"
trum,2018-06-30-16:34:21,angry,"[0, 0, 0, 0, 0, 1]"
trum,2018-06-30-16:34:21,angry,"[0, 0, 0, 0, 0, 1]"
trum,2018-06-30-16:34:21,angry,"[0, 0, 0, 0, 0, 1]"
trum,2018-06-30-16:34:21,angry,"[0, 0, 0, 0, 0, 1]"
trum,2018-06-30-16:34:22,angry,"[0, 0, 0, 0, 0, 1]"
trum,2018-06-30-16:34:22,angry,"[0, 0, 0, 0, 0, 1]"
trum,2018-06-30-16:34:22,angry,"[0, 0, 0, 0, 0, 1]"
trum,2018-06-30-16:34:22,angry,"[0, 0, 0, 0, 0, 1]"
trum,2018-06-30-16:34:22,angry,"[0, 0, 0, 0, 0, 1]"
trum,2018-06-30-16:34:23,angry,"[0, 0, 0, 0, 0, 1]"
trum,2018-06-30-16:34:23,angry,"[0, 0, 0, 0, 0, 1]"
trum,2018-06-30-16:34:23,angry,"[0, 0, 0, 0, 0, 1]"
trum,2018-06-30-16:34:23,angry,"[0, 0, 0, 0, 0, 1]"
trum,2018-06-30-16:34:23,angry,"[0, 0, 0, 0, 0, 1]"
trum,2018-06-30-16:34:24,angry,"[0, 0, 0, 0, 0, 1]"
trum,2018-06-30-16:34:24,angry,"[0, 0, 0, 0, 0, 1]"
trum,2018-06-30-16:34:24,angry,"[0, 0, 0, 0, 0, 1]"
trum,2018-06-30-16:34:24,angry,"[0, 0, 0, 0, 0, 1]"
trum,2018-06-30-16:34:25,angry,"[0, 0, 0, 0, 0, 1]"
trum,2018-06-30-16:34:25,angry,"[0, 0, 0, 0, 0, 1]"
trum,2018-06-30-16:34:25,angry,"[0, 0, 0, 0, 0, 1]"
trum,2018-06-30-16:34:25,angry,"[0, 0, 0, 0, 0, 1]"
trum,2018-06-30-16:34:26,sad,"[0, 0, 1, 0, 0, 0]"
trum,2018-06-30-16:34:26,neutral,"[0, 0, 0, 0, 0, 0]"
trum,2018-06-30-16:34:26,neutral,"[0, 0, 0, 0, 0, 0]"
trum,2018-06-30-16:34:27,happy,"[0, 0, 0, 0, 1, 0]"
trum,2018-06-30-16:34:27,happy,"[0, 0, 0, 0, 1, 0]"
trum,2018-06-30-16:34:28,happy,"[0, 0, 0, 0, 1, 0]"
trum,2018-06-30-16:34:34,angry,"[0, 0, 0, 0, 0, 1]"
trum,2018-06-30-16:34:34,angry,"[0, 0, 0, 0, 0, 1]"
trum,2018-06-30-16:34:34,angry,"[0, 0, 0, 0, 0, 1]"
trum,2018-06-30-16:34:34,angry,"[0, 0, 0, 0, 0, 1]"
trum,2018-06-30-16:34:34,happy,"[0, 0, 0, 0, 1, 0]"
trum,2018-06-30-16:34:35,happy,"[0, 0, 0, 0, 1, 0]"
trum,2018-06-30-16:34:35,happy,"[0, 0, 0, 0, 1, 0]"
trum,2018-06-30-16:34:35,happy,"[0, 0, 0, 0, 1, 0]"
trum,2018-06-30-16:34:35,neutral,"[0, 0, 0, 0, 0, 0]"
trum,2018-06-30-16:34:35,neutral,"[0, 0, 0, 0, 0, 0]"
trum,2018-06-30-16:34:36,neutral,"[0, 0, 0, 0, 0, 0]"
trum,2018-06-30-16:34:36,neutral,"[0, 0, 0, 0, 0, 0]"
trum,2018-06-30-16:34:36,neutral,"[0, 0, 0, 0, 0, 0]"
trum,2018-06-30-16:34:37,neutral,"[0, 0, 0, 0, 0, 0]"
trum,2018-06-30-16:34:37,neutral,"[0, 0, 0, 0, 0, 0]"
trum,2018-06-30-16:34:37,happy,"[0, 0, 0, 0, 1, 0]"
trum,2018-06-30-16:34:38,happy,"[0, 0, 0, 0, 1, 0]"
trum,2018-06-30-16:34:38,happy,"[0, 0, 0, 0, 1, 0]"
trum,2018-06-30-16:34:38,happy,"[0, 0, 0, 0, 1, 0]"
trum,2018-06-30-16:34:38,happy,"[0, 0, 0, 0, 1, 0]"
trum,2018-06-30-16:34:39,happy,"[0, 0, 0, 0, 1, 0]"
trum,2018-06-30-16:34:39,happy,"[0, 0, 0, 0, 1, 0]"
trum,2018-06-30-16:34:39,happy,"[0, 0, 0, 0, 1, 0]"
trum,2018-06-30-16:34:39,happy,"[0, 0, 0, 0, 1, 0]"
trum,2018-06-30-16:34:39,happy,"[0, 0, 0, 0, 1, 0]"
trum,2018-06-30-16:34:39,happy,"[0, 0, 0, 0, 1, 0]"
trum,2018-06-30-16:34:40,neutral,"[0, 0, 0, 0, 0, 0]"
trum,2018-06-30-16:34:40,neutral,"[0, 0, 0, 0, 0, 0]"
trum,2018-06-30-16:34:40,angry,"[0, 0, 0, 0, 0, 1]"
trum,2018-06-30-16:34:40,angry,"[0, 0, 0, 0, 0, 1]"
trum,2018-06-30-16:34:41,happy,"[0, 0, 0, 0, 1, 0]"
trum,2018-06-30-16:34:41,happy,"[0, 0, 0, 0, 1, 0]"
trum,2018-06-30-16:34:41,happy,"[0, 0, 0, 0, 1, 0]"
trum,2018-06-30-16:34:42,neutral,"[0, 0, 0, 0, 0, 0]"
trum,2018-06-30-16:34:42,neutral,"[0, 0, 0, 0, 0, 0]"
trum,2018-06-30-16:34:42,neutral,"[0, 0, 0, 0, 0, 0]"
trum,2018-06-30-16:34:42,neutral,"[0, 0, 0, 0, 0, 0]"
trum,2018-06-30-16:34:42,neutral,"[0, 0, 0, 0, 0, 0]"
trum,2018-06-30-16:34:43,neutral,"[0, 0, 0, 0, 0, 0]"
trum,2018-06-30-16:34:43,neutral,"[0, 0, 0, 0, 0, 0]"
trum,2018-06-30-16:34:43,neutral,"[0, 0, 0, 0, 0, 0]"
trum,2018-06-30-16:34:43,neutral,"[0, 0, 0, 0, 0, 0]"
trum,2018-06-30-16:34:44,neutral,"[0, 0, 0, 0, 0, 0]"
trum,2018-06-30-16:34:44,neutral,"[0, 0, 0, 0, 0, 0]"
trum,2018-06-30-16:34:44,neutral,"[0, 0, 0, 0, 0, 0]"
trum,2018-06-30-16:34:44,neutral,"[0, 0, 0, 0, 0, 0]"
trum,2018-06-30-16:34:44,neutral,"[0, 0, 0, 0, 0, 0]"
trum,2018-06-30-16:34:45,neutral,"[0, 0, 0, 0, 0, 0]"
trum,2018-06-30-16:34:45,neutral,"[0, 0, 0, 0, 0, 0]"
trum,2018-06-30-16:34:45,neutral,"[0, 0, 0, 0, 0, 0]"
trum,2018-06-30-16:34:45,neutral,"[0, 0, 0, 0, 0, 0]"
trum,2018-06-30-16:34:46,neutral,"[0, 0, 0, 0, 0, 0]"
trum,2018-06-30-16:35:22,sad,"[0, 0, 1, 0, 0, 0]"
trum,2018-06-30-16:35:24,neutral,"[0, 0, 0, 0, 0, 0]"
trum,2018-06-30-16:35:24,happy,"[0, 0, 0, 0, 1, 0]"
trum,2018-06-30-16:35:24,happy,"[0, 0, 0, 0, 1, 0]"
trum,2018-06-30-16:35:55,sad,"[0, 0, 1, 0, 0, 0]"
trum,2018-06-30-16:36:20,angry,"[0, 0, 0, 0, 0, 1]"
trum,2018-06-30-16:36:20,angry,"[0, 0, 0, 0, 0, 1]"
trum,2018-06-30-16:36:20,angry,"[0, 0, 0, 0, 0, 1]"
trum,2018-06-30-16:36:20,angry,"[0, 0, 0, 0, 0, 1]"
trum,2018-06-30-16:36:26,sad,"[0, 0, 1, 0, 0, 0]"
trum,2018-06-30-16:36:53,neutral,"[0, 0, 0, 0, 0, 0]"
trum,2018-06-30-16:36:55,neutral,"[0, 0, 0, 0, 0, 0]"
