name,time,emotion,emotion_vector
lora,2018-06-30-16:30:53,happy,"[0, 0, 0, 0, 1, 0]"
lora,2018-06-30-16:30:53,happy,"[0, 0, 0, 0, 1, 0]"
lora,2018-06-30-16:30:53,happy,"[0, 0, 0, 0, 1, 0]"
lora,2018-06-30-16:30:53,happy,"[0, 0, 0, 0, 1, 0]"
lora,2018-06-30-16:30:53,angry,"[0, 0, 0, 0, 0, 1]"
lora,2018-06-30-16:30:54,angry,"[0, 0, 0, 0, 0, 1]"
lora,2018-06-30-16:30:54,angry,"[0, 0, 0, 0, 0, 1]"
lora,2018-06-30-16:30:54,angry,"[0, 0, 0, 0, 0, 1]"
lora,2018-06-30-16:30:54,angry,"[0, 0, 0, 0, 0, 1]"
lora,2018-06-30-16:30:54,angry,"[0, 0, 0, 0, 0, 1]"
lora,2018-06-30-16:30:54,angry,"[0, 0, 0, 0, 0, 1]"
lora,2018-06-30-16:30:54,angry,"[0, 0, 0, 0, 0, 1]"
lora,2018-06-30-16:30:54,angry,"[0, 0, 0, 0, 0, 1]"
lora,2018-06-30-16:30:55,angry,"[0, 0, 0, 0, 0, 1]"
lora,2018-06-30-16:30:55,angry,"[0, 0, 0, 0, 0, 1]"
lora,2018-06-30-16:30:55,angry,"[0, 0, 0, 0, 0, 1]"
lora,2018-06-30-16:30:55,angry,"[0, 0, 0, 0, 0, 1]"
lora,2018-06-30-16:30:55,angry,"[0, 0, 0, 0, 0, 1]"
lora,2018-06-30-16:30:55,angry,"[0, 0, 0, 0, 0, 1]"
lora,2018-06-30-16:30:55,angry,"[0, 0, 0, 0, 0, 1]"
lora,2018-06-30-16:30:55,angry,"[0, 0, 0, 0, 0, 1]"
lora,2018-06-30-16:30:56,angry,"[0, 0, 0, 0, 0, 1]"
lora,2018-06-30-16:30:56,angry,"[0, 0, 0, 0, 0, 1]"
lora,2018-06-30-16:30:56,angry,"[0, 0, 0, 0, 0, 1]"
lora,2018-06-30-16:30:56,angry,"[0, 0, 0, 0, 0, 1]"
lora,2018-06-30-16:30:56,angry,"[0, 0, 0, 0, 0, 1]"
lora,2018-06-30-16:30:56,angry,"[0, 0, 0, 0, 0, 1]"
lora,2018-06-30-16:30:56,angry,"[0, 0, 0, 0, 0, 1]"
lora,2018-06-30-16:30:57,angry,"[0, 0, 0, 0, 0, 1]"
lora,2018-06-30-16:30:57,angry,"[0, 0, 0, 0, 0, 1]"
lora,2018-06-30-16:30:57,angry,"[0, 0, 0, 0, 0, 1]"
lora,2018-06-30-16:30:57,angry,"[0, 0, 0, 0, 0, 1]"
lora,2018-06-30-16:30:57,angry,"[0, 0, 0, 0, 0, 1]"
lora,2018-06-30-16:30:57,angry,"[0, 0, 0, 0, 0, 1]"
lora,2018-06-30-16:30:57,angry,"[0, 0, 0, 0, 0, 1]"
lora,2018-06-30-16:30:57,angry,"[0, 0, 0, 0, 0, 1]"
lora,2018-06-30-16:30:58,angry,"[0, 0, 0, 0, 0, 1]"
lora,2018-06-30-16:30:58,angry,"[0, 0, 0, 0, 0, 1]"
lora,2018-06-30-16:30:58,angry,"[0, 0, 0, 0, 0, 1]"
lora,2018-06-30-16:30:58,angry,"[0, 0, 0, 0, 0, 1]"
lora,2018-06-30-16:30:58,angry,"[0, 0, 0, 0, 0, 1]"
lora,2018-06-30-16:30:58,angry,"[0, 0, 0, 0, 0, 1]"
lora,2018-06-30-16:30:58,angry,"[0, 0, 0, 0, 0, 1]"
lora,2018-06-30-16:30:58,angry,"[0, 0, 0, 0, 0, 1]"
lora,2018-06-30-16:30:59,angry,"[0, 0, 0, 0, 0, 1]"
lora,2018-06-30-16:30:59,angry,"[0, 0, 0, 0, 0, 1]"
lora,2018-06-30-16:30:59,angry,"[0, 0, 0, 0, 0, 1]"
lora,2018-06-30-16:30:59,angry,"[0, 0, 0, 0, 0, 1]"
lora,2018-06-30-16:30:59,angry,"[0, 0, 0, 0, 0, 1]"
lora,2018-06-30-16:30:59,angry,"[0, 0, 0, 0, 0, 1]"
lora,2018-06-30-16:30:59,angry,"[0, 0, 0, 0, 0, 1]"
lora,2018-06-30-16:30:59,angry,"[0, 0, 0, 0, 0, 1]"
lora,2018-06-30-16:31:00,angry,"[0, 0, 0, 0, 0, 1]"
lora,2018-06-30-16:31:00,angry,"[0, 0, 0, 0, 0, 1]"
lora,2018-06-30-16:31:00,angry,"[0, 0, 0, 0, 0, 1]"
lora,2018-06-30-16:31:00,angry,"[0, 0, 0, 0, 0, 1]"
lora,2018-06-30-16:31:00,angry,"[0, 0, 0, 0, 0, 1]"
lora,2018-06-30-16:31:00,angry,"[0, 0, 0, 0, 0, 1]"
lora,2018-06-30-16:31:00,angry,"[0, 0, 0, 0, 0, 1]"
lora,2018-06-30-16:31:01,angry,"[0, 0, 0, 0, 0, 1]"
lora,2018-06-30-16:31:01,angry,"[0, 0, 0, 0, 0, 1]"
lora,2018-06-30-16:31:01,angry,"[0, 0, 0, 0, 0, 1]"
lora,2018-06-30-16:31:01,angry,"[0, 0, 0, 0, 0, 1]"
lora,2018-06-30-16:31:01,angry,"[0, 0, 0, 0, 0, 1]"
lora,2018-06-30-16:31:01,angry,"[0, 0, 0, 0, 0, 1]"
lora,2018-06-30-16:31:12,neutral,"[0, 0, 0, 0, 0, 0]"
lora,2018-06-30-16:31:12,neutral,"[0, 0, 0, 0, 0, 0]"
lora,2018-06-30-16:31:12,angry,"[0, 0, 0, 0, 0, 1]"
lora,2018-06-30-16:31:12,angry,"[0, 0, 0, 0, 0, 1]"
lora,2018-06-30-16:31:13,angry,"[0, 0, 0, 0, 0, 1]"
lora,2018-06-30-16:31:13,angry,"[0, 0, 0, 0, 0, 1]"
lora,2018-06-30-16:31:13,angry,"[0, 0, 0, 0, 0, 1]"
lora,2018-06-30-16:31:13,angry,"[0, 0, 0, 0, 0, 1]"
lora,2018-06-30-16:31:13,angry,"[0, 0, 0, 0, 0, 1]"
lora,2018-06-30-16:31:13,angry,"[0, 0, 0, 0, 0, 1]"
lora,2018-06-30-16:31:13,angry,"[0, 0, 0, 0, 0, 1]"
lora,2018-06-30-16:31:13,angry,"[0, 0, 0, 0, 0, 1]"
lora,2018-06-30-16:31:14,angry,"[0, 0, 0, 0, 0, 1]"
lora,2018-06-30-16:31:14,angry,"[0, 0, 0, 0, 0, 1]"
lora,2018-06-30-16:31:14,angry,"[0, 0, 0, 0, 0, 1]"
lora,2018-06-30-16:31:14,angry,"[0, 0, 0, 0, 0, 1]"
lora,2018-06-30-16:31:14,angry,"[0, 0, 0, 0, 0, 1]"
lora,2018-06-30-16:31:14,angry,"[0, 0, 0, 0, 0, 1]"
lora,2018-06-30-16:31:14,angry,"[0, 0, 0, 0, 0, 1]"
lora,2018-06-30-16:31:14,angry,"[0, 0, 0, 0, 0, 1]"
lora,2018-06-30-16:31:15,angry,"[0, 0, 0, 0, 0, 1]"
lora,2018-06-30-16:31:15,angry,"[0, 0, 0, 0, 0, 1]"
lora,2018-06-30-16:31:15,angry,"[0, 0, 0, 0, 0, 1]"
lora,2018-06-30-16:31:15,angry,"[0, 0, 0, 0, 0, 1]"
lora,2018-06-30-16:31:15,angry,"[0, 0, 0, 0, 0, 1]"
lora,2018-06-30-16:31:15,angry,"[0, 0, 0, 0, 0, 1]"
lora,2018-06-30-16:31:15,angry,"[0, 0, 0, 0, 0, 1]"
lora,2018-06-30-16:31:16,angry,"[0, 0, 0, 0, 0, 1]"
lora,2018-06-30-16:31:16,angry,"[0, 0, 0, 0, 0, 1]"
lora,2018-06-30-16:31:16,angry,"[0, 0, 0, 0, 0, 1]"
lora,2018-06-30-16:31:16,angry,"[0, 0, 0, 0, 0, 1]"
lora,2018-06-30-16:31:16,angry,"[0, 0, 0, 0, 0, 1]"
lora,2018-06-30-16:31:16,angry,"[0, 0, 0, 0, 0, 1]"
lora,2018-06-30-16:31:16,angry,"[0, 0, 0, 0, 0, 1]"
lora,2018-06-30-16:31:16,angry,"[0, 0, 0, 0, 0, 1]"
lora,2018-06-30-16:31:17,angry,"[0, 0, 0, 0, 0, 1]"
lora,2018-06-30-16:31:17,angry,"[0, 0, 0, 0, 0, 1]"
lora,2018-06-30-16:31:17,angry,"[0, 0, 0, 0, 0, 1]"
lora,2018-06-30-16:31:17,angry,"[0, 0, 0, 0, 0, 1]"
lora,2018-06-30-16:31:17,angry,"[0, 0, 0, 0, 0, 1]"
lora,2018-06-30-16:31:17,angry,"[0, 0, 0, 0, 0, 1]"
lora,2018-06-30-16:31:17,angry,"[0, 0, 0, 0, 0, 1]"
lora,2018-06-30-16:31:17,angry,"[0, 0, 0, 0, 0, 1]"
lora,2018-06-30-16:31:18,angry,"[0, 0, 0, 0, 0, 1]"
lora,2018-06-30-16:31:18,angry,"[0, 0, 0, 0, 0, 1]"
lora,2018-06-30-16:31:18,angry,"[0, 0, 0, 0, 0, 1]"
lora,2018-06-30-16:31:18,angry,"[0, 0, 0, 0, 0, 1]"
lora,2018-06-30-16:31:18,angry,"[0, 0, 0, 0, 0, 1]"
lora,2018-06-30-16:31:18,angry,"[0, 0, 0, 0, 0, 1]"
lora,2018-06-30-16:31:18,angry,"[0, 0, 0, 0, 0, 1]"
lora,2018-06-30-16:31:19,happy,"[0, 0, 0, 0, 1, 0]"
lora,2018-06-30-16:31:19,happy,"[0, 0, 0, 0, 1, 0]"
lora,2018-06-30-16:31:19,happy,"[0, 0, 0, 0, 1, 0]"
lora,2018-06-30-16:31:19,happy,"[0, 0, 0, 0, 1, 0]"
lora,2018-06-30-16:31:19,happy,"[0, 0, 0, 0, 1, 0]"
lora,2018-06-30-16:31:19,happy,"[0, 0, 0, 0, 1, 0]"
lora,2018-06-30-16:31:19,happy,"[0, 0, 0, 0, 1, 0]"
lora,2018-06-30-16:31:19,happy,"[0, 0, 0, 0, 1, 0]"
lora,2018-06-30-16:31:20,happy,"[0, 0, 0, 0, 1, 0]"
lora,2018-06-30-16:31:20,happy,"[0, 0, 0, 0, 1, 0]"
lora,2018-06-30-16:31:20,happy,"[0, 0, 0, 0, 1, 0]"
lora,2018-06-30-16:31:20,happy,"[0, 0, 0, 0, 1, 0]"
lora,2018-06-30-16:31:20,happy,"[0, 0, 0, 0, 1, 0]"
lora,2018-06-30-16:31:20,happy,"[0, 0, 0, 0, 1, 0]"
lora,2018-06-30-16:31:20,happy,"[0, 0, 0, 0, 1, 0]"
lora,2018-06-30-16:31:21,happy,"[0, 0, 0, 0, 1, 0]"
lora,2018-06-30-16:31:32,happy,"[0, 0, 0, 0, 1, 0]"
lora,2018-06-30-16:31:33,happy,"[0, 0, 0, 0, 1, 0]"
lora,2018-06-30-16:31:33,happy,"[0, 0, 0, 0, 1, 0]"
lora,2018-06-30-16:31:33,happy,"[0, 0, 0, 0, 1, 0]"
lora,2018-06-30-16:31:33,happy,"[0, 0, 0, 0, 1, 0]"
lora,2018-06-30-16:31:33,happy,"[0, 0, 0, 0, 1, 0]"
lora,2018-06-30-16:31:33,happy,"[0, 0, 0, 0, 1, 0]"
lora,2018-06-30-16:31:33,happy,"[0, 0, 0, 0, 1, 0]"
lora,2018-06-30-16:31:33,happy,"[0, 0, 0, 0, 1, 0]"
lora,2018-06-30-16:31:34,angry,"[0, 0, 0, 0, 0, 1]"
lora,2018-06-30-16:31:34,angry,"[0, 0, 0, 0, 0, 1]"
lora,2018-06-30-16:31:34,angry,"[0, 0, 0, 0, 0, 1]"
lora,2018-06-30-16:31:34,angry,"[0, 0, 0, 0, 0, 1]"
lora,2018-06-30-16:31:34,angry,"[0, 0, 0, 0, 0, 1]"
lora,2018-06-30-16:31:35,angry,"[0, 0, 0, 0, 0, 1]"
lora,2018-06-30-16:31:35,angry,"[0, 0, 0, 0, 0, 1]"
lora,2018-06-30-16:31:35,angry,"[0, 0, 0, 0, 0, 1]"
lora,2018-06-30-16:31:35,angry,"[0, 0, 0, 0, 0, 1]"
lora,2018-06-30-16:31:35,angry,"[0, 0, 0, 0, 0, 1]"
lora,2018-06-30-16:31:35,angry,"[0, 0, 0, 0, 0, 1]"
lora,2018-06-30-16:31:36,happy,"[0, 0, 0, 0, 1, 0]"
lora,2018-06-30-16:31:36,happy,"[0, 0, 0, 0, 1, 0]"
lora,2018-06-30-16:31:36,happy,"[0, 0, 0, 0, 1, 0]"
lora,2018-06-30-16:31:36,happy,"[0, 0, 0, 0, 1, 0]"
lora,2018-06-30-16:31:36,happy,"[0, 0, 0, 0, 1, 0]"
lora,2018-06-30-16:31:36,happy,"[0, 0, 0, 0, 1, 0]"
lora,2018-06-30-16:31:36,happy,"[0, 0, 0, 0, 1, 0]"
lora,2018-06-30-16:31:37,happy,"[0, 0, 0, 0, 1, 0]"
lora,2018-06-30-16:31:37,happy,"[0, 0, 0, 0, 1, 0]"
lora,2018-06-30-16:31:37,happy,"[0, 0, 0, 0, 1, 0]"
lora,2018-06-30-16:31:37,happy,"[0, 0, 0, 0, 1, 0]"
lora,2018-06-30-16:31:37,happy,"[0, 0, 0, 0, 1, 0]"
lora,2018-06-30-16:31:37,happy,"[0, 0, 0, 0, 1, 0]"
lora,2018-06-30-16:31:37,happy,"[0, 0, 0, 0, 1, 0]"
lora,2018-06-30-16:31:38,happy,"[0, 0, 0, 0, 1, 0]"
lora,2018-06-30-16:31:38,happy,"[0, 0, 0, 0, 1, 0]"
lora,2018-06-30-16:31:38,happy,"[0, 0, 0, 0, 1, 0]"
lora,2018-06-30-16:31:46,sad,"[0, 0, 1, 0, 0, 0]"
lora,2018-06-30-16:31:46,sad,"[0, 0, 1, 0, 0, 0]"
lora,2018-06-30-16:31:46,sad,"[0, 0, 1, 0, 0, 0]"
lora,2018-06-30-16:31:47,sad,"[0, 0, 1, 0, 0, 0]"
lora,2018-06-30-16:31:47,sad,"[0, 0, 1, 0, 0, 0]"
lora,2018-06-30-16:31:47,sad,"[0, 0, 1, 0, 0, 0]"
lora,2018-06-30-16:31:50,sad,"[0, 0, 1, 0, 0, 0]"
lora,2018-06-30-16:31:50,angry,"[0, 0, 0, 0, 0, 1]"
lora,2018-06-30-16:31:51,angry,"[0, 0, 0, 0, 0, 1]"
lora,2018-06-30-16:31:51,sad,"[0, 0, 1, 0, 0, 0]"
lora,2018-06-30-16:31:51,happy,"[0, 0, 0, 0, 1, 0]"
lora,2018-06-30-16:31:51,happy,"[0, 0, 0, 0, 1, 0]"
lora,2018-06-30-16:31:51,happy,"[0, 0, 0, 0, 1, 0]"
lora,2018-06-30-16:31:51,happy,"[0, 0, 0, 0, 1, 0]"
lora,2018-06-30-16:31:52,happy,"[0, 0, 0, 0, 1, 0]"
lora,2018-06-30-16:31:52,happy,"[0, 0, 0, 0, 1, 0]"
lora,2018-06-30-16:31:52,happy,"[0, 0, 0, 0, 1, 0]"
lora,2018-06-30-16:31:52,happy,"[0, 0, 0, 0, 1, 0]"
lora,2018-06-30-16:31:52,happy,"[0, 0, 0, 0, 1, 0]"
lora,2018-06-30-16:31:52,happy,"[0, 0, 0, 0, 1, 0]"
lora,2018-06-30-16:32:02,sad,"[0, 0, 1, 0, 0, 0]"
lora,2018-06-30-16:32:03,sad,"[0, 0, 1, 0, 0, 0]"
lora,2018-06-30-16:32:03,sad,"[0, 0, 1, 0, 0, 0]"
lora,2018-06-30-16:32:03,sad,"[0, 0, 1, 0, 0, 0]"
lora,2018-06-30-16:32:03,happy,"[0, 0, 0, 0, 1, 0]"
lora,2018-06-30-16:32:03,happy,"[0, 0, 0, 0, 1, 0]"
lora,2018-06-30-16:32:03,happy,"[0, 0, 0, 0, 1, 0]"
lora,2018-06-30-16:32:04,happy,"[0, 0, 0, 0, 1, 0]"
lora,2018-06-30-16:32:04,happy,"[0, 0, 0, 0, 1, 0]"
lora,2018-06-30-16:32:04,happy,"[0, 0, 0, 0, 1, 0]"
lora,2018-06-30-16:32:04,happy,"[0, 0, 0, 0, 1, 0]"
lora,2018-06-30-16:32:04,happy,"[0, 0, 0, 0, 1, 0]"
lora,2018-06-30-16:32:04,happy,"[0, 0, 0, 0, 1, 0]"
lora,2018-06-30-16:32:04,happy,"[0, 0, 0, 0, 1, 0]"
lora,2018-06-30-16:32:05,happy,"[0, 0, 0, 0, 1, 0]"
lora,2018-06-30-16:32:05,happy,"[0, 0, 0, 0, 1, 0]"
lora,2018-06-30-16:32:05,happy,"[0, 0, 0, 0, 1, 0]"
lora,2018-06-30-16:32:05,happy,"[0, 0, 0, 0, 1, 0]"
lora,2018-06-30-16:32:05,happy,"[0, 0, 0, 0, 1, 0]"
lora,2018-06-30-16:32:05,happy,"[0, 0, 0, 0, 1, 0]"
lora,2018-06-30-16:32:05,happy,"[0, 0, 0, 0, 1, 0]"
lora,2018-06-30-16:32:06,angry,"[0, 0, 0, 0, 0, 1]"
lora,2018-06-30-16:32:06,angry,"[0, 0, 0, 0, 0, 1]"
lora,2018-06-30-16:32:06,angry,"[0, 0, 0, 0, 0, 1]"
lora,2018-06-30-16:32:06,angry,"[0, 0, 0, 0, 0, 1]"
lora,2018-06-30-16:32:06,angry,"[0, 0, 0, 0, 0, 1]"
lora,2018-06-30-16:32:06,angry,"[0, 0, 0, 0, 0, 1]"
lora,2018-06-30-16:32:07,angry,"[0, 0, 0, 0, 0, 1]"
lora,2018-06-30-16:32:07,angry,"[0, 0, 0, 0, 0, 1]"
lora,2018-06-30-16:32:07,angry,"[0, 0, 0, 0, 0, 1]"
lora,2018-06-30-16:32:07,angry,"[0, 0, 0, 0, 0, 1]"
lora,2018-06-30-16:32:07,angry,"[0, 0, 0, 0, 0, 1]"
lora,2018-06-30-16:32:07,angry,"[0, 0, 0, 0, 0, 1]"
lora,2018-06-30-16:32:07,angry,"[0, 0, 0, 0, 0, 1]"
lora,2018-06-30-16:32:08,angry,"[0, 0, 0, 0, 0, 1]"
lora,2018-06-30-16:32:08,angry,"[0, 0, 0, 0, 0, 1]"
lora,2018-06-30-16:32:08,angry,"[0, 0, 0, 0, 0, 1]"
lora,2018-06-30-16:32:08,angry,"[0, 0, 0, 0, 0, 1]"
lora,2018-06-30-16:32:08,angry,"[0, 0, 0, 0, 0, 1]"
lora,2018-06-30-16:32:08,angry,"[0, 0, 0, 0, 0, 1]"
lora,2018-06-30-16:32:09,angry,"[0, 0, 0, 0, 0, 1]"
lora,2018-06-30-16:32:09,angry,"[0, 0, 0, 0, 0, 1]"
lora,2018-06-30-16:32:09,angry,"[0, 0, 0, 0, 0, 1]"
lora,2018-06-30-16:32:09,angry,"[0, 0, 0, 0, 0, 1]"
lora,2018-06-30-16:32:09,angry,"[0, 0, 0, 0, 0, 1]"
lora,2018-06-30-16:32:09,angry,"[0, 0, 0, 0, 0, 1]"
lora,2018-06-30-16:32:09,angry,"[0, 0, 0, 0, 0, 1]"
lora,2018-06-30-16:32:09,angry,"[0, 0, 0, 0, 0, 1]"
lora,2018-06-30-16:32:10,angry,"[0, 0, 0, 0, 0, 1]"
lora,2018-06-30-16:32:10,angry,"[0, 0, 0, 0, 0, 1]"
lora,2018-06-30-16:32:10,angry,"[0, 0, 0, 0, 0, 1]"
lora,2018-06-30-16:32:10,angry,"[0, 0, 0, 0, 0, 1]"
lora,2018-06-30-16:32:11,angry,"[0, 0, 0, 0, 0, 1]"
lora,2018-06-30-16:32:11,angry,"[0, 0, 0, 0, 0, 1]"
lora,2018-06-30-16:32:11,angry,"[0, 0, 0, 0, 0, 1]"
lora,2018-06-30-16:32:11,angry,"[0, 0, 0, 0, 0, 1]"
lora,2018-06-30-16:32:11,angry,"[0, 0, 0, 0, 0, 1]"
lora,2018-06-30-16:32:11,angry,"[0, 0, 0, 0, 0, 1]"
lora,2018-06-30-16:32:11,angry,"[0, 0, 0, 0, 0, 1]"
lora,2018-06-30-16:32:11,angry,"[0, 0, 0, 0, 0, 1]"
lora,2018-06-30-16:32:12,angry,"[0, 0, 0, 0, 0, 1]"
lora,2018-06-30-16:32:20,sad,"[0, 0, 1, 0, 0, 0]"
lora,2018-06-30-16:32:20,sad,"[0, 0, 1, 0, 0, 0]"
lora,2018-06-30-16:32:20,sad,"[0, 0, 1, 0, 0, 0]"
lora,2018-06-30-16:32:20,sad,"[0, 0, 1, 0, 0, 0]"
lora,2018-06-30-16:32:20,sad,"[0, 0, 1, 0, 0, 0]"
lora,2018-06-30-16:32:20,happy,"[0, 0, 0, 0, 1, 0]"
lora,2018-06-30-16:32:20,happy,"[0, 0, 0, 0, 1, 0]"
lora,2018-06-30-16:32:21,happy,"[0, 0, 0, 0, 1, 0]"
lora,2018-06-30-16:32:21,happy,"[0, 0, 0, 0, 1, 0]"
lora,2018-06-30-16:32:21,happy,"[0, 0, 0, 0, 1, 0]"
lora,2018-06-30-16:32:21,happy,"[0, 0, 0, 0, 1, 0]"
lora,2018-06-30-16:32:21,happy,"[0, 0, 0, 0, 1, 0]"
lora,2018-06-30-16:32:21,happy,"[0, 0, 0, 0, 1, 0]"
lora,2018-06-30-16:32:21,happy,"[0, 0, 0, 0, 1, 0]"
lora,2018-06-30-16:32:22,happy,"[0, 0, 0, 0, 1, 0]"
lora,2018-06-30-16:32:22,happy,"[0, 0, 0, 0, 1, 0]"
lora,2018-06-30-16:32:22,happy,"[0, 0, 0, 0, 1, 0]"
lora,2018-06-30-16:32:22,happy,"[0, 0, 0, 0, 1, 0]"
lora,2018-06-30-16:32:22,happy,"[0, 0, 0, 0, 1, 0]"
lora,2018-06-30-16:32:22,happy,"[0, 0, 0, 0, 1, 0]"
lora,2018-06-30-16:32:22,happy,"[0, 0, 0, 0, 1, 0]"
lora,2018-06-30-16:32:22,happy,"[0, 0, 0, 0, 1, 0]"
lora,2018-06-30-16:32:23,happy,"[0, 0, 0, 0, 1, 0]"
lora,2018-06-30-16:32:23,happy,"[0, 0, 0, 0, 1, 0]"
lora,2018-06-30-16:32:23,happy,"[0, 0, 0, 0, 1, 0]"
lora,2018-06-30-16:32:23,happy,"[0, 0, 0, 0, 1, 0]"
lora,2018-06-30-16:32:23,happy,"[0, 0, 0, 0, 1, 0]"
lora,2018-06-30-16:32:23,happy,"[0, 0, 0, 0, 1, 0]"
lora,2018-06-30-16:32:23,happy,"[0, 0, 0, 0, 1, 0]"
lora,2018-06-30-16:32:24,happy,"[0, 0, 0, 0, 1, 0]"
lora,2018-06-30-16:32:24,happy,"[0, 0, 0, 0, 1, 0]"
lora,2018-06-30-16:32:24,happy,"[0, 0, 0, 0, 1, 0]"
lora,2018-06-30-16:32:24,happy,"[0, 0, 0, 0, 1, 0]"
lora,2018-06-30-16:32:24,happy,"[0, 0, 0, 0, 1, 0]"
lora,2018-06-30-16:32:24,happy,"[0, 0, 0, 0, 1, 0]"
lora,2018-06-30-16:32:24,happy,"[0, 0, 0, 0, 1, 0]"
lora,2018-06-30-16:32:24,happy,"[0, 0, 0, 0, 1, 0]"
lora,2018-06-30-16:32:25,happy,"[0, 0, 0, 0, 1, 0]"
lora,2018-06-30-16:32:25,happy,"[0, 0, 0, 0, 1, 0]"
lora,2018-06-30-16:32:25,happy,"[0, 0, 0, 0, 1, 0]"
lora,2018-06-30-16:32:25,happy,"[0, 0, 0, 0, 1, 0]"
lora,2018-06-30-16:32:25,happy,"[0, 0, 0, 0, 1, 0]"
lora,2018-06-30-16:32:25,happy,"[0, 0, 0, 0, 1, 0]"
lora,2018-06-30-16:32:25,happy,"[0, 0, 0, 0, 1, 0]"
lora,2018-06-30-16:32:26,happy,"[0, 0, 0, 0, 1, 0]"
lora,2018-06-30-16:32:26,happy,"[0, 0, 0, 0, 1, 0]"
lora,2018-06-30-16:32:36,angry,"[0, 0, 0, 0, 0, 1]"
lora,2018-06-30-16:32:36,angry,"[0, 0, 0, 0, 0, 1]"
lora,2018-06-30-16:32:36,angry,"[0, 0, 0, 0, 0, 1]"
lora,2018-06-30-16:32:36,angry,"[0, 0, 0, 0, 0, 1]"
lora,2018-06-30-16:32:36,angry,"[0, 0, 0, 0, 0, 1]"
lora,2018-06-30-16:32:37,angry,"[0, 0, 0, 0, 0, 1]"
lora,2018-06-30-16:32:37,angry,"[0, 0, 0, 0, 0, 1]"
lora,2018-06-30-16:32:37,angry,"[0, 0, 0, 0, 0, 1]"
lora,2018-06-30-16:32:37,angry,"[0, 0, 0, 0, 0, 1]"
lora,2018-06-30-16:32:37,angry,"[0, 0, 0, 0, 0, 1]"
lora,2018-06-30-16:32:37,angry,"[0, 0, 0, 0, 0, 1]"
lora,2018-06-30-16:32:37,angry,"[0, 0, 0, 0, 0, 1]"
lora,2018-06-30-16:32:37,angry,"[0, 0, 0, 0, 0, 1]"
lora,2018-06-30-16:32:38,angry,"[0, 0, 0, 0, 0, 1]"
lora,2018-06-30-16:32:38,angry,"[0, 0, 0, 0, 0, 1]"
lora,2018-06-30-16:32:38,angry,"[0, 0, 0, 0, 0, 1]"
lora,2018-06-30-16:32:38,angry,"[0, 0, 0, 0, 0, 1]"
lora,2018-06-30-16:32:38,angry,"[0, 0, 0, 0, 0, 1]"
lora,2018-06-30-16:32:38,angry,"[0, 0, 0, 0, 0, 1]"
lora,2018-06-30-16:32:38,angry,"[0, 0, 0, 0, 0, 1]"
lora,2018-06-30-16:32:38,angry,"[0, 0, 0, 0, 0, 1]"
lora,2018-06-30-16:32:39,angry,"[0, 0, 0, 0, 0, 1]"
lora,2018-06-30-16:32:39,angry,"[0, 0, 0, 0, 0, 1]"
lora,2018-06-30-16:32:39,angry,"[0, 0, 0, 0, 0, 1]"
lora,2018-06-30-16:32:39,angry,"[0, 0, 0, 0, 0, 1]"
lora,2018-06-30-16:32:39,angry,"[0, 0, 0, 0, 0, 1]"
lora,2018-06-30-16:32:39,angry,"[0, 0, 0, 0, 0, 1]"
lora,2018-06-30-16:32:39,angry,"[0, 0, 0, 0, 0, 1]"
lora,2018-06-30-16:32:39,angry,"[0, 0, 0, 0, 0, 1]"
lora,2018-06-30-16:32:40,angry,"[0, 0, 0, 0, 0, 1]"
lora,2018-06-30-16:32:40,angry,"[0, 0, 0, 0, 0, 1]"
lora,2018-06-30-16:32:40,angry,"[0, 0, 0, 0, 0, 1]"
lora,2018-06-30-16:32:40,angry,"[0, 0, 0, 0, 0, 1]"
lora,2018-06-30-16:32:40,angry,"[0, 0, 0, 0, 0, 1]"
lora,2018-06-30-16:32:40,angry,"[0, 0, 0, 0, 0, 1]"
lora,2018-06-30-16:32:40,angry,"[0, 0, 0, 0, 0, 1]"
lora,2018-06-30-16:32:40,angry,"[0, 0, 0, 0, 0, 1]"
lora,2018-06-30-16:32:41,angry,"[0, 0, 0, 0, 0, 1]"
lora,2018-06-30-16:32:41,angry,"[0, 0, 0, 0, 0, 1]"
lora,2018-06-30-16:32:41,angry,"[0, 0, 0, 0, 0, 1]"
lora,2018-06-30-16:32:41,angry,"[0, 0, 0, 0, 0, 1]"
lora,2018-06-30-16:32:41,angry,"[0, 0, 0, 0, 0, 1]"
lora,2018-06-30-16:32:41,angry,"[0, 0, 0, 0, 0, 1]"
lora,2018-06-30-16:32:41,angry,"[0, 0, 0, 0, 0, 1]"
lora,2018-06-30-16:32:42,angry,"[0, 0, 0, 0, 0, 1]"
lora,2018-06-30-16:32:42,angry,"[0, 0, 0, 0, 0, 1]"
lora,2018-06-30-16:32:42,angry,"[0, 0, 0, 0, 0, 1]"
lora,2018-06-30-16:32:42,angry,"[0, 0, 0, 0, 0, 1]"
lora,2018-06-30-16:32:42,angry,"[0, 0, 0, 0, 0, 1]"
lora,2018-06-30-16:32:42,angry,"[0, 0, 0, 0, 0, 1]"
lora,2018-06-30-16:32:42,angry,"[0, 0, 0, 0, 0, 1]"
lora,2018-06-30-16:32:42,angry,"[0, 0, 0, 0, 0, 1]"
lora,2018-06-30-16:32:43,angry,"[0, 0, 0, 0, 0, 1]"
lora,2018-06-30-16:32:43,angry,"[0, 0, 0, 0, 0, 1]"
lora,2018-06-30-16:32:43,angry,"[0, 0, 0, 0, 0, 1]"
lora,2018-06-30-16:32:43,angry,"[0, 0, 0, 0, 0, 1]"
lora,2018-06-30-16:32:43,angry,"[0, 0, 0, 0, 0, 1]"
lora,2018-06-30-16:32:43,angry,"[0, 0, 0, 0, 0, 1]"
lora,2018-06-30-16:32:43,angry,"[0, 0, 0, 0, 0, 1]"
lora,2018-06-30-16:32:43,angry,"[0, 0, 0, 0, 0, 1]"
lora,2018-06-30-16:32:44,angry,"[0, 0, 0, 0, 0, 1]"
lora,2018-06-30-16:32:44,angry,"[0, 0, 0, 0, 0, 1]"
lora,2018-06-30-16:32:44,angry,"[0, 0, 0, 0, 0, 1]"
lora,2018-06-30-16:32:44,angry,"[0, 0, 0, 0, 0, 1]"
lora,2018-06-30-16:32:44,angry,"[0, 0, 0, 0, 0, 1]"
lora,2018-06-30-16:32:44,angry,"[0, 0, 0, 0, 0, 1]"
lora,2018-06-30-16:32:44,angry,"[0, 0, 0, 0, 0, 1]"
lora,2018-06-30-16:32:50,happy,"[0, 0, 0, 0, 1, 0]"
lora,2018-06-30-16:32:50,happy,"[0, 0, 0, 0, 1, 0]"
lora,2018-06-30-16:32:50,happy,"[0, 0, 0, 0, 1, 0]"
lora,2018-06-30-16:32:50,happy,"[0, 0, 0, 0, 1, 0]"
lora,2018-06-30-16:32:51,angry,"[0, 0, 0, 0, 0, 1]"
lora,2018-06-30-16:32:51,angry,"[0, 0, 0, 0, 0, 1]"
lora,2018-06-30-16:32:51,angry,"[0, 0, 0, 0, 0, 1]"
lora,2018-06-30-16:32:51,angry,"[0, 0, 0, 0, 0, 1]"
lora,2018-06-30-16:32:51,angry,"[0, 0, 0, 0, 0, 1]"
lora,2018-06-30-16:32:51,angry,"[0, 0, 0, 0, 0, 1]"
lora,2018-06-30-16:32:51,angry,"[0, 0, 0, 0, 0, 1]"
lora,2018-06-30-16:32:52,angry,"[0, 0, 0, 0, 0, 1]"
lora,2018-06-30-16:32:52,angry,"[0, 0, 0, 0, 0, 1]"
lora,2018-06-30-16:32:52,angry,"[0, 0, 0, 0, 0, 1]"
lora,2018-06-30-16:32:52,angry,"[0, 0, 0, 0, 0, 1]"
lora,2018-06-30-16:32:52,angry,"[0, 0, 0, 0, 0, 1]"
lora,2018-06-30-16:32:52,angry,"[0, 0, 0, 0, 0, 1]"
lora,2018-06-30-16:32:52,angry,"[0, 0, 0, 0, 0, 1]"
lora,2018-06-30-16:32:52,angry,"[0, 0, 0, 0, 0, 1]"
lora,2018-06-30-16:32:53,angry,"[0, 0, 0, 0, 0, 1]"
lora,2018-06-30-16:32:53,angry,"[0, 0, 0, 0, 0, 1]"
lora,2018-06-30-16:32:53,angry,"[0, 0, 0, 0, 0, 1]"
lora,2018-06-30-16:32:53,angry,"[0, 0, 0, 0, 0, 1]"
lora,2018-06-30-16:32:53,angry,"[0, 0, 0, 0, 0, 1]"
lora,2018-06-30-16:32:53,angry,"[0, 0, 0, 0, 0, 1]"
lora,2018-06-30-16:32:53,angry,"[0, 0, 0, 0, 0, 1]"
lora,2018-06-30-16:32:54,angry,"[0, 0, 0, 0, 0, 1]"
lora,2018-06-30-16:32:54,angry,"[0, 0, 0, 0, 0, 1]"
lora,2018-06-30-16:32:54,angry,"[0, 0, 0, 0, 0, 1]"
lora,2018-06-30-16:32:54,angry,"[0, 0, 0, 0, 0, 1]"
lora,2018-06-30-16:32:54,angry,"[0, 0, 0, 0, 0, 1]"
lora,2018-06-30-16:32:54,angry,"[0, 0, 0, 0, 0, 1]"
lora,2018-06-30-16:32:54,angry,"[0, 0, 0, 0, 0, 1]"
lora,2018-06-30-16:32:54,angry,"[0, 0, 0, 0, 0, 1]"
lora,2018-06-30-16:32:55,angry,"[0, 0, 0, 0, 0, 1]"
lora,2018-06-30-16:32:55,angry,"[0, 0, 0, 0, 0, 1]"
lora,2018-06-30-16:32:55,angry,"[0, 0, 0, 0, 0, 1]"
lora,2018-06-30-16:32:55,angry,"[0, 0, 0, 0, 0, 1]"
lora,2018-06-30-16:32:55,angry,"[0, 0, 0, 0, 0, 1]"
lora,2018-06-30-16:32:59,sad,"[0, 0, 1, 0, 0, 0]"
lora,2018-06-30-16:33:00,sad,"[0, 0, 1, 0, 0, 0]"
lora,2018-06-30-16:33:00,sad,"[0, 0, 1, 0, 0, 0]"
lora,2018-06-30-16:33:00,sad,"[0, 0, 1, 0, 0, 0]"
lora,2018-06-30-16:33:00,angry,"[0, 0, 0, 0, 0, 1]"
lora,2018-06-30-16:33:00,angry,"[0, 0, 0, 0, 0, 1]"
lora,2018-06-30-16:33:00,angry,"[0, 0, 0, 0, 0, 1]"
lora,2018-06-30-16:33:00,angry,"[0, 0, 0, 0, 0, 1]"
lora,2018-06-30-16:33:01,angry,"[0, 0, 0, 0, 0, 1]"
lora,2018-06-30-16:33:01,angry,"[0, 0, 0, 0, 0, 1]"
lora,2018-06-30-16:33:01,angry,"[0, 0, 0, 0, 0, 1]"
lora,2018-06-30-16:33:01,angry,"[0, 0, 0, 0, 0, 1]"
lora,2018-06-30-16:33:01,angry,"[0, 0, 0, 0, 0, 1]"
lora,2018-06-30-16:33:01,angry,"[0, 0, 0, 0, 0, 1]"
lora,2018-06-30-16:33:01,angry,"[0, 0, 0, 0, 0, 1]"
lora,2018-06-30-16:33:02,angry,"[0, 0, 0, 0, 0, 1]"
lora,2018-06-30-16:33:02,angry,"[0, 0, 0, 0, 0, 1]"
lora,2018-06-30-16:33:02,angry,"[0, 0, 0, 0, 0, 1]"
lora,2018-06-30-16:33:02,angry,"[0, 0, 0, 0, 0, 1]"
lora,2018-06-30-16:33:02,angry,"[0, 0, 0, 0, 0, 1]"
lora,2018-06-30-16:33:02,angry,"[0, 0, 0, 0, 0, 1]"
lora,2018-06-30-16:33:02,angry,"[0, 0, 0, 0, 0, 1]"
lora,2018-06-30-16:33:02,angry,"[0, 0, 0, 0, 0, 1]"
lora,2018-06-30-16:33:03,angry,"[0, 0, 0, 0, 0, 1]"
lora,2018-06-30-16:33:23,neutral,"[0, 0, 0, 0, 0, 0]"
lora,2018-06-30-16:33:23,neutral,"[0, 0, 0, 0, 0, 0]"
lora,2018-06-30-16:33:24,neutral,"[0, 0, 0, 0, 0, 0]"
lora,2018-06-30-16:33:24,neutral,"[0, 0, 0, 0, 0, 0]"
lora,2018-06-30-16:33:24,angry,"[0, 0, 0, 0, 0, 1]"
lora,2018-06-30-16:33:24,angry,"[0, 0, 0, 0, 0, 1]"
lora,2018-06-30-16:33:24,angry,"[0, 0, 0, 0, 0, 1]"
lora,2018-06-30-16:33:24,angry,"[0, 0, 0, 0, 0, 1]"
lora,2018-06-30-16:33:25,angry,"[0, 0, 0, 0, 0, 1]"
lora,2018-06-30-16:33:25,angry,"[0, 0, 0, 0, 0, 1]"
lora,2018-06-30-16:33:25,angry,"[0, 0, 0, 0, 0, 1]"
lora,2018-06-30-16:33:25,angry,"[0, 0, 0, 0, 0, 1]"
lora,2018-06-30-16:33:25,angry,"[0, 0, 0, 0, 0, 1]"
lora,2018-06-30-16:33:25,angry,"[0, 0, 0, 0, 0, 1]"
lora,2018-06-30-16:33:25,angry,"[0, 0, 0, 0, 0, 1]"
lora,2018-06-30-16:33:25,angry,"[0, 0, 0, 0, 0, 1]"
lora,2018-06-30-16:33:26,angry,"[0, 0, 0, 0, 0, 1]"
lora,2018-06-30-16:33:26,angry,"[0, 0, 0, 0, 0, 1]"
lora,2018-06-30-16:33:26,angry,"[0, 0, 0, 0, 0, 1]"
lora,2018-06-30-16:33:26,angry,"[0, 0, 0, 0, 0, 1]"
lora,2018-06-30-16:33:26,angry,"[0, 0, 0, 0, 0, 1]"
lora,2018-06-30-16:33:26,angry,"[0, 0, 0, 0, 0, 1]"
lora,2018-06-30-16:33:26,angry,"[0, 0, 0, 0, 0, 1]"
lora,2018-06-30-16:33:27,angry,"[0, 0, 0, 0, 0, 1]"
lora,2018-06-30-16:33:27,angry,"[0, 0, 0, 0, 0, 1]"
lora,2018-06-30-16:33:27,angry,"[0, 0, 0, 0, 0, 1]"
lora,2018-06-30-16:33:28,angry,"[0, 0, 0, 0, 0, 1]"
lora,2018-06-30-16:33:28,angry,"[0, 0, 0, 0, 0, 1]"
lora,2018-06-30-16:33:28,angry,"[0, 0, 0, 0, 0, 1]"
lora,2018-06-30-16:33:28,angry,"[0, 0, 0, 0, 0, 1]"
lora,2018-06-30-16:33:28,angry,"[0, 0, 0, 0, 0, 1]"
lora,2018-06-30-16:33:29,angry,"[0, 0, 0, 0, 0, 1]"
lora,2018-06-30-16:33:29,angry,"[0, 0, 0, 0, 0, 1]"
lora,2018-06-30-16:33:29,angry,"[0, 0, 0, 0, 0, 1]"
lora,2018-06-30-16:33:29,angry,"[0, 0, 0, 0, 0, 1]"
lora,2018-06-30-16:33:29,angry,"[0, 0, 0, 0, 0, 1]"
lora,2018-06-30-16:33:29,angry,"[0, 0, 0, 0, 0, 1]"
lora,2018-06-30-16:33:30,angry,"[0, 0, 0, 0, 0, 1]"
lora,2018-06-30-16:33:30,angry,"[0, 0, 0, 0, 0, 1]"
lora,2018-06-30-16:33:30,angry,"[0, 0, 0, 0, 0, 1]"
lora,2018-06-30-16:33:30,angry,"[0, 0, 0, 0, 0, 1]"
lora,2018-06-30-16:33:30,angry,"[0, 0, 0, 0, 0, 1]"
lora,2018-06-30-16:33:30,angry,"[0, 0, 0, 0, 0, 1]"
lora,2018-06-30-16:33:30,angry,"[0, 0, 0, 0, 0, 1]"
lora,2018-06-30-16:33:45,happy,"[0, 0, 0, 0, 1, 0]"
lora,2018-06-30-16:33:45,happy,"[0, 0, 0, 0, 1, 0]"
lora,2018-06-30-16:33:45,happy,"[0, 0, 0, 0, 1, 0]"
lora,2018-06-30-16:33:45,happy,"[0, 0, 0, 0, 1, 0]"
lora,2018-06-30-16:33:46,angry,"[0, 0, 0, 0, 0, 1]"
lora,2018-06-30-16:33:46,angry,"[0, 0, 0, 0, 0, 1]"
lora,2018-06-30-16:33:46,angry,"[0, 0, 0, 0, 0, 1]"
lora,2018-06-30-16:33:46,angry,"[0, 0, 0, 0, 0, 1]"
lora,2018-06-30-16:33:46,angry,"[0, 0, 0, 0, 0, 1]"
lora,2018-06-30-16:33:46,angry,"[0, 0, 0, 0, 0, 1]"
lora,2018-06-30-16:33:46,angry,"[0, 0, 0, 0, 0, 1]"
lora,2018-06-30-16:33:47,angry,"[0, 0, 0, 0, 0, 1]"
lora,2018-06-30-16:33:47,sad,"[0, 0, 1, 0, 0, 0]"
lora,2018-06-30-16:33:48,sad,"[0, 0, 1, 0, 0, 0]"
lora,2018-06-30-16:33:48,sad,"[0, 0, 1, 0, 0, 0]"
lora,2018-06-30-16:33:49,sad,"[0, 0, 1, 0, 0, 0]"
lora,2018-06-30-16:33:49,sad,"[0, 0, 1, 0, 0, 0]"
lora,2018-06-30-16:33:49,sad,"[0, 0, 1, 0, 0, 0]"
lora,2018-06-30-16:33:49,sad,"[0, 0, 1, 0, 0, 0]"
lora,2018-06-30-16:33:49,sad,"[0, 0, 1, 0, 0, 0]"
lora,2018-06-30-16:33:50,angry,"[0, 0, 0, 0, 0, 1]"
lora,2018-06-30-16:33:50,angry,"[0, 0, 0, 0, 0, 1]"
lora,2018-06-30-16:33:50,angry,"[0, 0, 0, 0, 0, 1]"
lora,2018-06-30-16:33:50,angry,"[0, 0, 0, 0, 0, 1]"
lora,2018-06-30-16:33:50,angry,"[0, 0, 0, 0, 0, 1]"
lora,2018-06-30-16:33:50,angry,"[0, 0, 0, 0, 0, 1]"
lora,2018-06-30-16:33:50,angry,"[0, 0, 0, 0, 0, 1]"
lora,2018-06-30-16:33:50,angry,"[0, 0, 0, 0, 0, 1]"
lora,2018-06-30-16:33:51,angry,"[0, 0, 0, 0, 0, 1]"
lora,2018-06-30-16:33:51,angry,"[0, 0, 0, 0, 0, 1]"
lora,2018-06-30-16:33:51,angry,"[0, 0, 0, 0, 0, 1]"
lora,2018-06-30-16:33:51,angry,"[0, 0, 0, 0, 0, 1]"
lora,2018-06-30-16:33:52,angry,"[0, 0, 0, 0, 0, 1]"
lora,2018-06-30-16:33:52,angry,"[0, 0, 0, 0, 0, 1]"
lora,2018-06-30-16:33:52,angry,"[0, 0, 0, 0, 0, 1]"
lora,2018-06-30-16:33:52,angry,"[0, 0, 0, 0, 0, 1]"
lora,2018-06-30-16:34:02,happy,"[0, 0, 0, 0, 1, 0]"
lora,2018-06-30-16:34:02,happy,"[0, 0, 0, 0, 1, 0]"
lora,2018-06-30-16:34:02,happy,"[0, 0, 0, 0, 1, 0]"
lora,2018-06-30-16:34:03,neutral,"[0, 0, 0, 0, 0, 0]"
lora,2018-06-30-16:34:03,neutral,"[0, 0, 0, 0, 0, 0]"
lora,2018-06-30-16:34:03,sad,"[0, 0, 1, 0, 0, 0]"
lora,2018-06-30-16:34:03,sad,"[0, 0, 1, 0, 0, 0]"
lora,2018-06-30-16:34:03,sad,"[0, 0, 1, 0, 0, 0]"
lora,2018-06-30-16:34:03,sad,"[0, 0, 1, 0, 0, 0]"
lora,2018-06-30-16:34:04,sad,"[0, 0, 1, 0, 0, 0]"
lora,2018-06-30-16:34:04,sad,"[0, 0, 1, 0, 0, 0]"
lora,2018-06-30-16:34:04,sad,"[0, 0, 1, 0, 0, 0]"
lora,2018-06-30-16:34:04,sad,"[0, 0, 1, 0, 0, 0]"
lora,2018-06-30-16:34:04,sad,"[0, 0, 1, 0, 0, 0]"
lora,2018-06-30-16:34:04,sad,"[0, 0, 1, 0, 0, 0]"
lora,2018-06-30-16:34:04,sad,"[0, 0, 1, 0, 0, 0]"
lora,2018-06-30-16:34:05,sad,"[0, 0, 1, 0, 0, 0]"
lora,2018-06-30-16:34:05,sad,"[0, 0, 1, 0, 0, 0]"
lora,2018-06-30-16:34:05,sad,"[0, 0, 1, 0, 0, 0]"
lora,2018-06-30-16:34:05,sad,"[0, 0, 1, 0, 0, 0]"
lora,2018-06-30-16:34:05,sad,"[0, 0, 1, 0, 0, 0]"
lora,2018-06-30-16:34:05,sad,"[0, 0, 1, 0, 0, 0]"
lora,2018-06-30-16:34:05,sad,"[0, 0, 1, 0, 0, 0]"
lora,2018-06-30-16:34:06,sad,"[0, 0, 1, 0, 0, 0]"
lora,2018-06-30-16:34:06,sad,"[0, 0, 1, 0, 0, 0]"
lora,2018-06-30-16:34:06,sad,"[0, 0, 1, 0, 0, 0]"
lora,2018-06-30-16:34:06,sad,"[0, 0, 1, 0, 0, 0]"
lora,2018-06-30-16:34:06,sad,"[0, 0, 1, 0, 0, 0]"
lora,2018-06-30-16:34:06,angry,"[0, 0, 0, 0, 0, 1]"
lora,2018-06-30-16:34:07,angry,"[0, 0, 0, 0, 0, 1]"
lora,2018-06-30-16:34:07,angry,"[0, 0, 0, 0, 0, 1]"
lora,2018-06-30-16:34:07,angry,"[0, 0, 0, 0, 0, 1]"
lora,2018-06-30-16:34:07,angry,"[0, 0, 0, 0, 0, 1]"
lora,2018-06-30-16:34:07,angry,"[0, 0, 0, 0, 0, 1]"
lora,2018-06-30-16:34:07,angry,"[0, 0, 0, 0, 0, 1]"
lora,2018-06-30-16:34:07,angry,"[0, 0, 0, 0, 0, 1]"
lora,2018-06-30-16:34:08,angry,"[0, 0, 0, 0, 0, 1]"
lora,2018-06-30-16:34:15,happy,"[0, 0, 0, 0, 1, 0]"
lora,2018-06-30-16:34:16,angry,"[0, 0, 0, 0, 0, 1]"
lora,2018-06-30-16:34:16,neutral,"[0, 0, 0, 0, 0, 0]"
lora,2018-06-30-16:34:16,neutral,"[0, 0, 0, 0, 0, 0]"
lora,2018-06-30-16:34:16,neutral,"[0, 0, 0, 0, 0, 0]"
lora,2018-06-30-16:34:16,neutral,"[0, 0, 0, 0, 0, 0]"
lora,2018-06-30-16:34:16,neutral,"[0, 0, 0, 0, 0, 0]"
lora,2018-06-30-16:34:17,neutral,"[0, 0, 0, 0, 0, 0]"
lora,2018-06-30-16:34:17,neutral,"[0, 0, 0, 0, 0, 0]"
lora,2018-06-30-16:34:17,neutral,"[0, 0, 0, 0, 0, 0]"
lora,2018-06-30-16:34:17,neutral,"[0, 0, 0, 0, 0, 0]"
lora,2018-06-30-16:34:17,neutral,"[0, 0, 0, 0, 0, 0]"
lora,2018-06-30-16:34:17,neutral,"[0, 0, 0, 0, 0, 0]"
lora,2018-06-30-16:34:19,sad,"[0, 0, 1, 0, 0, 0]"
lora,2018-06-30-16:34:19,sad,"[0, 0, 1, 0, 0, 0]"
lora,2018-06-30-16:34:19,sad,"[0, 0, 1, 0, 0, 0]"
lora,2018-06-30-16:34:28,happy,"[0, 0, 0, 0, 1, 0]"
lora,2018-06-30-16:34:28,happy,"[0, 0, 0, 0, 1, 0]"
lora,2018-06-30-16:34:28,angry,"[0, 0, 0, 0, 0, 1]"
lora,2018-06-30-16:34:28,angry,"[0, 0, 0, 0, 0, 1]"
lora,2018-06-30-16:34:28,angry,"[0, 0, 0, 0, 0, 1]"
lora,2018-06-30-16:34:28,angry,"[0, 0, 0, 0, 0, 1]"
lora,2018-06-30-16:34:29,angry,"[0, 0, 0, 0, 0, 1]"
lora,2018-06-30-16:34:29,angry,"[0, 0, 0, 0, 0, 1]"
lora,2018-06-30-16:34:29,angry,"[0, 0, 0, 0, 0, 1]"
lora,2018-06-30-16:34:29,angry,"[0, 0, 0, 0, 0, 1]"
lora,2018-06-30-16:34:29,angry,"[0, 0, 0, 0, 0, 1]"
lora,2018-06-30-16:34:29,angry,"[0, 0, 0, 0, 0, 1]"
lora,2018-06-30-16:34:30,angry,"[0, 0, 0, 0, 0, 1]"
lora,2018-06-30-16:34:30,angry,"[0, 0, 0, 0, 0, 1]"
lora,2018-06-30-16:34:30,angry,"[0, 0, 0, 0, 0, 1]"
lora,2018-06-30-16:34:30,angry,"[0, 0, 0, 0, 0, 1]"
lora,2018-06-30-16:34:30,angry,"[0, 0, 0, 0, 0, 1]"
lora,2018-06-30-16:34:30,angry,"[0, 0, 0, 0, 0, 1]"
lora,2018-06-30-16:34:30,angry,"[0, 0, 0, 0, 0, 1]"
lora,2018-06-30-16:34:31,angry,"[0, 0, 0, 0, 0, 1]"
lora,2018-06-30-16:34:31,angry,"[0, 0, 0, 0, 0, 1]"
lora,2018-06-30-16:34:31,angry,"[0, 0, 0, 0, 0, 1]"
lora,2018-06-30-16:34:31,angry,"[0, 0, 0, 0, 0, 1]"
lora,2018-06-30-16:34:31,angry,"[0, 0, 0, 0, 0, 1]"
lora,2018-06-30-16:34:31,angry,"[0, 0, 0, 0, 0, 1]"
lora,2018-06-30-16:34:32,angry,"[0, 0, 0, 0, 0, 1]"
lora,2018-06-30-16:34:32,angry,"[0, 0, 0, 0, 0, 1]"
lora,2018-06-30-16:34:32,angry,"[0, 0, 0, 0, 0, 1]"
lora,2018-06-30-16:34:32,angry,"[0, 0, 0, 0, 0, 1]"
lora,2018-06-30-16:34:32,angry,"[0, 0, 0, 0, 0, 1]"
lora,2018-06-30-16:34:32,angry,"[0, 0, 0, 0, 0, 1]"
lora,2018-06-30-16:34:32,angry,"[0, 0, 0, 0, 0, 1]"
lora,2018-06-30-16:34:33,angry,"[0, 0, 0, 0, 0, 1]"
lora,2018-06-30-16:34:33,angry,"[0, 0, 0, 0, 0, 1]"
lora,2018-06-30-16:34:33,angry,"[0, 0, 0, 0, 0, 1]"
lora,2018-06-30-16:34:33,angry,"[0, 0, 0, 0, 0, 1]"
lora,2018-06-30-16:34:33,angry,"[0, 0, 0, 0, 0, 1]"
lora,2018-06-30-16:34:33,angry,"[0, 0, 0, 0, 0, 1]"
lora,2018-06-30-16:34:34,angry,"[0, 0, 0, 0, 0, 1]"
lora,2018-06-30-16:34:46,neutral,"[0, 0, 0, 0, 0, 0]"
lora,2018-06-30-16:34:46,angry,"[0, 0, 0, 0, 0, 1]"
lora,2018-06-30-16:34:46,angry,"[0, 0, 0, 0, 0, 1]"
lora,2018-06-30-16:34:46,angry,"[0, 0, 0, 0, 0, 1]"
lora,2018-06-30-16:34:47,angry,"[0, 0, 0, 0, 0, 1]"
lora,2018-06-30-16:34:47,angry,"[0, 0, 0, 0, 0, 1]"
lora,2018-06-30-16:34:47,angry,"[0, 0, 0, 0, 0, 1]"
lora,2018-06-30-16:34:47,angry,"[0, 0, 0, 0, 0, 1]"
lora,2018-06-30-16:34:47,angry,"[0, 0, 0, 0, 0, 1]"
lora,2018-06-30-16:34:47,angry,"[0, 0, 0, 0, 0, 1]"
lora,2018-06-30-16:34:48,angry,"[0, 0, 0, 0, 0, 1]"
lora,2018-06-30-16:34:48,angry,"[0, 0, 0, 0, 0, 1]"
lora,2018-06-30-16:34:48,angry,"[0, 0, 0, 0, 0, 1]"
lora,2018-06-30-16:34:48,angry,"[0, 0, 0, 0, 0, 1]"
lora,2018-06-30-16:34:48,angry,"[0, 0, 0, 0, 0, 1]"
lora,2018-06-30-16:34:49,happy,"[0, 0, 0, 0, 1, 0]"
lora,2018-06-30-16:34:49,happy,"[0, 0, 0, 0, 1, 0]"
lora,2018-06-30-16:34:49,happy,"[0, 0, 0, 0, 1, 0]"
lora,2018-06-30-16:34:49,happy,"[0, 0, 0, 0, 1, 0]"
lora,2018-06-30-16:34:49,happy,"[0, 0, 0, 0, 1, 0]"
lora,2018-06-30-16:34:50,happy,"[0, 0, 0, 0, 1, 0]"
lora,2018-06-30-16:34:50,happy,"[0, 0, 0, 0, 1, 0]"
lora,2018-06-30-16:34:50,happy,"[0, 0, 0, 0, 1, 0]"
lora,2018-06-30-16:34:50,happy,"[0, 0, 0, 0, 1, 0]"
lora,2018-06-30-16:34:50,happy,"[0, 0, 0, 0, 1, 0]"
lora,2018-06-30-16:34:50,happy,"[0, 0, 0, 0, 1, 0]"
lora,2018-06-30-16:34:50,happy,"[0, 0, 0, 0, 1, 0]"
lora,2018-06-30-16:34:51,happy,"[0, 0, 0, 0, 1, 0]"
lora,2018-06-30-16:34:51,happy,"[0, 0, 0, 0, 1, 0]"
lora,2018-06-30-16:34:51,happy,"[0, 0, 0, 0, 1, 0]"
lora,2018-06-30-16:34:51,happy,"[0, 0, 0, 0, 1, 0]"
lora,2018-06-30-16:34:51,happy,"[0, 0, 0, 0, 1, 0]"
lora,2018-06-30-16:34:51,happy,"[0, 0, 0, 0, 1, 0]"
lora,2018-06-30-16:34:52,happy,"[0, 0, 0, 0, 1, 0]"
lora,2018-06-30-16:34:52,happy,"[0, 0, 0, 0, 1, 0]"
lora,2018-06-30-16:34:52,happy,"[0, 0, 0, 0, 1, 0]"
lora,2018-06-30-16:34:52,happy,"[0, 0, 0, 0, 1, 0]"
lora,2018-06-30-16:34:52,happy,"[0, 0, 0, 0, 1, 0]"
lora,2018-06-30-16:34:53,happy,"[0, 0, 0, 0, 1, 0]"
lora,2018-06-30-16:34:53,happy,"[0, 0, 0, 0, 1, 0]"
lora,2018-06-30-16:34:53,happy,"[0, 0, 0, 0, 1, 0]"
lora,2018-06-30-16:34:53,neutral,"[0, 0, 0, 0, 0, 0]"
lora,2018-06-30-16:34:53,neutral,"[0, 0, 0, 0, 0, 0]"
lora,2018-06-30-16:34:54,neutral,"[0, 0, 0, 0, 0, 0]"
lora,2018-06-30-16:34:54,neutral,"[0, 0, 0, 0, 0, 0]"
lora,2018-06-30-16:34:54,neutral,"[0, 0, 0, 0, 0, 0]"
lora,2018-06-30-16:34:54,neutral,"[0, 0, 0, 0, 0, 0]"
lora,2018-06-30-16:34:54,neutral,"[0, 0, 0, 0, 0, 0]"
lora,2018-06-30-16:34:55,angry,"[0, 0, 0, 0, 0, 1]"
lora,2018-06-30-16:34:55,angry,"[0, 0, 0, 0, 0, 1]"
lora,2018-06-30-16:34:55,angry,"[0, 0, 0, 0, 0, 1]"
lora,2018-06-30-16:34:55,angry,"[0, 0, 0, 0, 0, 1]"
lora,2018-06-30-16:34:55,angry,"[0, 0, 0, 0, 0, 1]"
lora,2018-06-30-16:34:55,angry,"[0, 0, 0, 0, 0, 1]"
lora,2018-06-30-16:34:56,angry,"[0, 0, 0, 0, 0, 1]"
lora,2018-06-30-16:34:56,angry,"[0, 0, 0, 0, 0, 1]"
lora,2018-06-30-16:35:39,sad,"[0, 0, 1, 0, 0, 0]"
lora,2018-06-30-16:35:40,angry,"[0, 0, 0, 0, 0, 1]"
lora,2018-06-30-16:35:40,angry,"[0, 0, 0, 0, 0, 1]"
lora,2018-06-30-16:35:40,angry,"[0, 0, 0, 0, 0, 1]"
lora,2018-06-30-16:35:40,angry,"[0, 0, 0, 0, 0, 1]"
lora,2018-06-30-16:35:41,angry,"[0, 0, 0, 0, 0, 1]"
lora,2018-06-30-16:35:41,angry,"[0, 0, 0, 0, 0, 1]"
lora,2018-06-30-16:35:41,angry,"[0, 0, 0, 0, 0, 1]"
lora,2018-06-30-16:35:41,angry,"[0, 0, 0, 0, 0, 1]"
lora,2018-06-30-16:35:41,angry,"[0, 0, 0, 0, 0, 1]"
lora,2018-06-30-16:35:42,angry,"[0, 0, 0, 0, 0, 1]"
lora,2018-06-30-16:35:42,angry,"[0, 0, 0, 0, 0, 1]"
lora,2018-06-30-16:35:42,angry,"[0, 0, 0, 0, 0, 1]"
lora,2018-06-30-16:35:42,angry,"[0, 0, 0, 0, 0, 1]"
lora,2018-06-30-16:35:42,angry,"[0, 0, 0, 0, 0, 1]"
lora,2018-06-30-16:35:43,angry,"[0, 0, 0, 0, 0, 1]"
lora,2018-06-30-16:35:43,angry,"[0, 0, 0, 0, 0, 1]"
lora,2018-06-30-16:35:43,angry,"[0, 0, 0, 0, 0, 1]"
lora,2018-06-30-16:35:43,angry,"[0, 0, 0, 0, 0, 1]"
lora,2018-06-30-16:35:43,angry,"[0, 0, 0, 0, 0, 1]"
lora,2018-06-30-16:35:44,angry,"[0, 0, 0, 0, 0, 1]"
lora,2018-06-30-16:35:44,angry,"[0, 0, 0, 0, 0, 1]"
lora,2018-06-30-16:35:44,angry,"[0, 0, 0, 0, 0, 1]"
lora,2018-06-30-16:35:44,angry,"[0, 0, 0, 0, 0, 1]"
lora,2018-06-30-16:35:44,angry,"[0, 0, 0, 0, 0, 1]"
lora,2018-06-30-16:35:44,angry,"[0, 0, 0, 0, 0, 1]"
lora,2018-06-30-16:35:45,angry,"[0, 0, 0, 0, 0, 1]"
lora,2018-06-30-16:35:45,angry,"[0, 0, 0, 0, 0, 1]"
lora,2018-06-30-16:35:45,angry,"[0, 0, 0, 0, 0, 1]"
lora,2018-06-30-16:35:57,sad,"[0, 0, 1, 0, 0, 0]"
lora,2018-06-30-16:35:57,sad,"[0, 0, 1, 0, 0, 0]"
lora,2018-06-30-16:35:57,sad,"[0, 0, 1, 0, 0, 0]"
lora,2018-06-30-16:35:57,sad,"[0, 0, 1, 0, 0, 0]"
lora,2018-06-30-16:35:57,sad,"[0, 0, 1, 0, 0, 0]"
lora,2018-06-30-16:35:58,angry,"[0, 0, 0, 0, 0, 1]"
lora,2018-06-30-16:35:58,angry,"[0, 0, 0, 0, 0, 1]"
lora,2018-06-30-16:35:58,angry,"[0, 0, 0, 0, 0, 1]"
lora,2018-06-30-16:35:58,angry,"[0, 0, 0, 0, 0, 1]"
lora,2018-06-30-16:35:58,angry,"[0, 0, 0, 0, 0, 1]"
lora,2018-06-30-16:35:58,angry,"[0, 0, 0, 0, 0, 1]"
lora,2018-06-30-16:35:58,angry,"[0, 0, 0, 0, 0, 1]"
lora,2018-06-30-16:35:59,angry,"[0, 0, 0, 0, 0, 1]"
lora,2018-06-30-16:35:59,angry,"[0, 0, 0, 0, 0, 1]"
lora,2018-06-30-16:35:59,angry,"[0, 0, 0, 0, 0, 1]"
lora,2018-06-30-16:35:59,angry,"[0, 0, 0, 0, 0, 1]"
lora,2018-06-30-16:35:59,angry,"[0, 0, 0, 0, 0, 1]"
lora,2018-06-30-16:35:59,angry,"[0, 0, 0, 0, 0, 1]"
lora,2018-06-30-16:35:59,angry,"[0, 0, 0, 0, 0, 1]"
lora,2018-06-30-16:36:00,angry,"[0, 0, 0, 0, 0, 1]"
lora,2018-06-30-16:36:00,neutral,"[0, 0, 0, 0, 0, 0]"
lora,2018-06-30-16:36:00,neutral,"[0, 0, 0, 0, 0, 0]"
lora,2018-06-30-16:36:00,neutral,"[0, 0, 0, 0, 0, 0]"
lora,2018-06-30-16:36:00,neutral,"[0, 0, 0, 0, 0, 0]"
lora,2018-06-30-16:36:01,neutral,"[0, 0, 0, 0, 0, 0]"
lora,2018-06-30-16:36:01,neutral,"[0, 0, 0, 0, 0, 0]"
lora,2018-06-30-16:36:01,neutral,"[0, 0, 0, 0, 0, 0]"
lora,2018-06-30-16:36:01,neutral,"[0, 0, 0, 0, 0, 0]"
lora,2018-06-30-16:36:01,neutral,"[0, 0, 0, 0, 0, 0]"
lora,2018-06-30-16:36:01,neutral,"[0, 0, 0, 0, 0, 0]"
lora,2018-06-30-16:36:01,neutral,"[0, 0, 0, 0, 0, 0]"
lora,2018-06-30-16:36:02,neutral,"[0, 0, 0, 0, 0, 0]"
lora,2018-06-30-16:36:02,neutral,"[0, 0, 0, 0, 0, 0]"
lora,2018-06-30-16:36:02,neutral,"[0, 0, 0, 0, 0, 0]"
lora,2018-06-30-16:36:02,neutral,"[0, 0, 0, 0, 0, 0]"
lora,2018-06-30-16:36:02,neutral,"[0, 0, 0, 0, 0, 0]"
lora,2018-06-30-16:36:02,neutral,"[0, 0, 0, 0, 0, 0]"
lora,2018-06-30-16:36:02,neutral,"[0, 0, 0, 0, 0, 0]"
lora,2018-06-30-16:36:03,neutral,"[0, 0, 0, 0, 0, 0]"
lora,2018-06-30-16:36:03,neutral,"[0, 0, 0, 0, 0, 0]"
lora,2018-06-30-16:36:03,neutral,"[0, 0, 0, 0, 0, 0]"
lora,2018-06-30-16:36:03,neutral,"[0, 0, 0, 0, 0, 0]"
lora,2018-06-30-16:36:03,neutral,"[0, 0, 0, 0, 0, 0]"
lora,2018-06-30-16:36:03,neutral,"[0, 0, 0, 0, 0, 0]"
lora,2018-06-30-16:36:03,neutral,"[0, 0, 0, 0, 0, 0]"
lora,2018-06-30-16:36:04,neutral,"[0, 0, 0, 0, 0, 0]"
lora,2018-06-30-16:36:04,neutral,"[0, 0, 0, 0, 0, 0]"
lora,2018-06-30-16:36:04,sad,"[0, 0, 1, 0, 0, 0]"
lora,2018-06-30-16:36:04,sad,"[0, 0, 1, 0, 0, 0]"
lora,2018-06-30-16:36:04,sad,"[0, 0, 1, 0, 0, 0]"
lora,2018-06-30-16:36:04,sad,"[0, 0, 1, 0, 0, 0]"
lora,2018-06-30-16:36:05,sad,"[0, 0, 1, 0, 0, 0]"
lora,2018-06-30-16:36:05,sad,"[0, 0, 1, 0, 0, 0]"
lora,2018-06-30-16:36:05,sad,"[0, 0, 1, 0, 0, 0]"
lora,2018-06-30-16:36:05,sad,"[0, 0, 1, 0, 0, 0]"
lora,2018-06-30-16:36:05,sad,"[0, 0, 1, 0, 0, 0]"
lora,2018-06-30-16:36:05,sad,"[0, 0, 1, 0, 0, 0]"
lora,2018-06-30-16:36:06,sad,"[0, 0, 1, 0, 0, 0]"
lora,2018-06-30-16:36:06,sad,"[0, 0, 1, 0, 0, 0]"
lora,2018-06-30-16:36:06,sad,"[0, 0, 1, 0, 0, 0]"
lora,2018-06-30-16:36:06,sad,"[0, 0, 1, 0, 0, 0]"
lora,2018-06-30-16:36:06,sad,"[0, 0, 1, 0, 0, 0]"
lora,2018-06-30-16:36:06,sad,"[0, 0, 1, 0, 0, 0]"
lora,2018-06-30-16:36:30,neutral,"[0, 0, 0, 0, 0, 0]"
lora,2018-06-30-16:36:30,neutral,"[0, 0, 0, 0, 0, 0]"
lora,2018-06-30-16:36:30,angry,"[0, 0, 0, 0, 0, 1]"
lora,2018-06-30-16:36:30,angry,"[0, 0, 0, 0, 0, 1]"
lora,2018-06-30-16:36:30,angry,"[0, 0, 0, 0, 0, 1]"
lora,2018-06-30-16:36:31,angry,"[0, 0, 0, 0, 0, 1]"
lora,2018-06-30-16:36:31,angry,"[0, 0, 0, 0, 0, 1]"
lora,2018-06-30-16:36:31,angry,"[0, 0, 0, 0, 0, 1]"
lora,2018-06-30-16:36:31,angry,"[0, 0, 0, 0, 0, 1]"
lora,2018-06-30-16:36:31,angry,"[0, 0, 0, 0, 0, 1]"
lora,2018-06-30-16:36:32,sad,"[0, 0, 1, 0, 0, 0]"
lora,2018-06-30-16:36:32,sad,"[0, 0, 1, 0, 0, 0]"
lora,2018-06-30-16:36:32,sad,"[0, 0, 1, 0, 0, 0]"
lora,2018-06-30-16:36:32,sad,"[0, 0, 1, 0, 0, 0]"
lora,2018-06-30-16:36:32,sad,"[0, 0, 1, 0, 0, 0]"
lora,2018-06-30-16:36:32,sad,"[0, 0, 1, 0, 0, 0]"
lora,2018-06-30-16:36:32,sad,"[0, 0, 1, 0, 0, 0]"
lora,2018-06-30-16:36:33,sad,"[0, 0, 1, 0, 0, 0]"
lora,2018-06-30-16:36:33,sad,"[0, 0, 1, 0, 0, 0]"
lora,2018-06-30-16:36:33,sad,"[0, 0, 1, 0, 0, 0]"
lora,2018-06-30-16:36:33,sad,"[0, 0, 1, 0, 0, 0]"
lora,2018-06-30-16:36:33,sad,"[0, 0, 1, 0, 0, 0]"
lora,2018-06-30-16:36:33,sad,"[0, 0, 1, 0, 0, 0]"
lora,2018-06-30-16:36:34,sad,"[0, 0, 1, 0, 0, 0]"
lora,2018-06-30-16:36:34,sad,"[0, 0, 1, 0, 0, 0]"
lora,2018-06-30-16:36:34,sad,"[0, 0, 1, 0, 0, 0]"
lora,2018-06-30-16:36:34,angry,"[0, 0, 0, 0, 0, 1]"
lora,2018-06-30-16:36:34,angry,"[0, 0, 0, 0, 0, 1]"
lora,2018-06-30-16:36:34,angry,"[0, 0, 0, 0, 0, 1]"
lora,2018-06-30-16:36:35,angry,"[0, 0, 0, 0, 0, 1]"
lora,2018-06-30-16:36:35,angry,"[0, 0, 0, 0, 0, 1]"
lora,2018-06-30-16:36:35,angry,"[0, 0, 0, 0, 0, 1]"
lora,2018-06-30-16:36:35,angry,"[0, 0, 0, 0, 0, 1]"
lora,2018-06-30-16:36:35,angry,"[0, 0, 0, 0, 0, 1]"
lora,2018-06-30-16:36:35,angry,"[0, 0, 0, 0, 0, 1]"
lora,2018-06-30-16:36:36,angry,"[0, 0, 0, 0, 0, 1]"
lora,2018-06-30-16:36:36,angry,"[0, 0, 0, 0, 0, 1]"
lora,2018-06-30-16:36:36,angry,"[0, 0, 0, 0, 0, 1]"
lora,2018-06-30-16:36:36,angry,"[0, 0, 0, 0, 0, 1]"
lora,2018-06-30-16:36:36,angry,"[0, 0, 0, 0, 0, 1]"
lora,2018-06-30-16:36:36,angry,"[0, 0, 0, 0, 0, 1]"
lora,2018-06-30-16:36:36,angry,"[0, 0, 0, 0, 0, 1]"
lora,2018-06-30-16:36:37,angry,"[0, 0, 0, 0, 0, 1]"
lora,2018-06-30-16:36:37,angry,"[0, 0, 0, 0, 0, 1]"
lora,2018-06-30-16:36:37,angry,"[0, 0, 0, 0, 0, 1]"
lora,2018-06-30-16:36:37,angry,"[0, 0, 0, 0, 0, 1]"
lora,2018-06-30-16:36:37,angry,"[0, 0, 0, 0, 0, 1]"
lora,2018-06-30-16:36:37,angry,"[0, 0, 0, 0, 0, 1]"
lora,2018-06-30-16:36:37,angry,"[0, 0, 0, 0, 0, 1]"
lora,2018-06-30-16:36:38,angry,"[0, 0, 0, 0, 0, 1]"
lora,2018-06-30-16:36:38,angry,"[0, 0, 0, 0, 0, 1]"
lora,2018-06-30-16:36:38,angry,"[0, 0, 0, 0, 0, 1]"
lora,2018-06-30-16:36:38,angry,"[0, 0, 0, 0, 0, 1]"
lora,2018-06-30-16:36:38,angry,"[0, 0, 0, 0, 0, 1]"
lora,2018-06-30-16:36:38,angry,"[0, 0, 0, 0, 0, 1]"
lora,2018-06-30-16:36:39,angry,"[0, 0, 0, 0, 0, 1]"
lora,2018-06-30-16:36:39,angry,"[0, 0, 0, 0, 0, 1]"
lora,2018-06-30-16:36:39,angry,"[0, 0, 0, 0, 0, 1]"
lora,2018-06-30-16:36:39,angry,"[0, 0, 0, 0, 0, 1]"
lora,2018-06-30-16:36:39,angry,"[0, 0, 0, 0, 0, 1]"
lora,2018-06-30-16:36:39,angry,"[0, 0, 0, 0, 0, 1]"
lora,2018-06-30-16:36:39,angry,"[0, 0, 0, 0, 0, 1]"
lora,2018-06-30-16:36:40,sad,"[0, 0, 1, 0, 0, 0]"
lora,2018-06-30-16:36:40,sad,"[0, 0, 1, 0, 0, 0]"
lora,2018-06-30-16:36:40,sad,"[0, 0, 1, 0, 0, 0]"
lora,2018-06-30-16:36:40,sad,"[0, 0, 1, 0, 0, 0]"
lora,2018-06-30-16:36:40,sad,"[0, 0, 1, 0, 0, 0]"
lora,2018-06-30-16:36:40,sad,"[0, 0, 1, 0, 0, 0]"
lora,2018-06-30-16:36:41,sad,"[0, 0, 1, 0, 0, 0]"
lora,2018-06-30-16:36:41,sad,"[0, 0, 1, 0, 0, 0]"
lora,2018-06-30-16:36:41,angry,"[0, 0, 0, 0, 0, 1]"
lora,2018-06-30-16:36:41,angry,"[0, 0, 0, 0, 0, 1]"
lora,2018-06-30-16:36:41,angry,"[0, 0, 0, 0, 0, 1]"
lora,2018-06-30-16:36:42,angry,"[0, 0, 0, 0, 0, 1]"
lora,2018-06-30-16:36:42,angry,"[0, 0, 0, 0, 0, 1]"
lora,2018-06-30-16:36:42,angry,"[0, 0, 0, 0, 0, 1]"
lora,2018-06-30-16:36:42,angry,"[0, 0, 0, 0, 0, 1]"
lora,2018-06-30-16:36:44,angry,"[0, 0, 0, 0, 0, 1]"
